abgtx_cb_tp_0,QVQLQESGGGLAQAGGSLRLSCAASGDIGGLINMGWYRQVPGKQRELVALQGREGNANYTDSVKGRFTISRGNSGNTVSLQMNSLKSEDTAVYYCYATVGNWYTSGYYVDDYWGQGTQVTVSS
abgtx_cb_tp_1,QVQLQESGGGLAQPGGSLSLSCATTRDVGSIHAMAWYRQAPGKQRELVASVTMVGGETPTYAESIKGRFTISRDNAENTVYLQMNSLKSEDTAVYYCYAAVGNWYESGYYVDDYWGQGTQVTVSS
abgtx_cb_tp_2,QVQLQESGGGLVLPGGSLTLSCTASGDIASLNVMAWHRQPPGEQRELVAKMLRDNSSAYADSVKGRFTISRDNAKHTVSLQMNNLKPEDTAVYYCYADVGNWYETGYYVDDYWGQGTQVTVSS
abgtx_cb_tp_3,QVQLQESGGGLVLPGGSVSLSCTASGDIAGLNNMGWYRQAPGKQRELVAVQARGGNTNYTDSVKGRFTISRNNAGNTVYLQMNNLKSEDTAVYYCYATVGNWYESGYYVDDYWGQGTQVTVSS
abgtx_cb_tp_4,QVQLQESGGGLVQAGGSLRLSCATSGTFVSGVNKMGWYRQAPGKQRELVATIGFSGRTDYADSVKGRFTISKDNDKNAISLQMSSLKPEDTAVYYCYAAVGNWYTSGYYVDDYWGQGTQVTVSS
abgtx_cb_tp_5,QVQLQESGGGLVQPGGSLKLSCAASGDIAGLNNMGWYRQTPGNQRELVATQGRSGDTNYTDSVKGRFTISRDNAKNTVYLQMNSLKSEDTAVYYCYAAVGNWYESGYYVDDYWGQGTQVTVSS
abgtx_cb_tp_6,QVQLQESGGGLVQPGGSLRLDCAASGDISRINTMGWYRQAPGKQRELVAVQARGGNTNYTDSVKGRFTISRNNAGNTVYLQMNNLKSEDTAVYYCYATVGNWYTSGYYVDDYWGQGTQVTVSS
abgtx_cb_tp_7,QVQLQESGGGLVQPGGSLRLSCAASGDIAGLNNMGWYRQAPGKQRELVAAQARGGNTNYTDSVKGRFTISRDNAENTVYLQMNSLKSEDTAVYYCYAAVGNWYESGYYVDDYLGQGTQVTVSS
abgtx_cb_tp_8,QVQLQESGGGLVQPGGSLRLSCAASGDIAGLNNMGWYRQAPGKQRELVAAQARGGNTNYTDSVKGRFTISRDNAENTVYLQMNSLKSEDTAVYYCYAAVGNWYESGYYVDDYWGQGTQVTVSS
abgtx_cb_tp_9,QVQLQESGGGLVQPGGSLRLSCAASGDIGGLKQMGWYRQAPGHQRELVAVKRNENEANYTESVKGRFTISRDNARKMVYLQMNSLKPEDTAVYYCNAVVGNWYETGYYVDDYWGQGTQVTVSS
abgtx_cb_tp_10,QVQLQESGGGLVQPGGSLRLSCAASGDIGGLKQMGWYRQAPGHQRELVAVKRNENEANYTESVKGRFTISRDNARKMVYLQMNSLKPEDTAVYYCNAVVGNWYTSGYYEDTYWGQGTQVTVSS
abgtx_cb_tp_11,QVQLQESGGGLVQPGGSLRLSCAASGDISGLNKMGWYRQAPGKQRELVAAQARGGVANYTDSVKGRFTISRGNAENTVYLQMNSLKPEDTAVYYCYADVGNWYETGYYVDDYWGQGTQVTVSS
abgtx_cb_tp_12,QVQLQESGGGLVQPGGSLRLSCAASGDISGLNTMGWYRQALGKQREMVAVQGRGGNTNYTDSVKGRFTISRANAGNTVHLQMNSLKPEDTAVYYCYADVGNWYTSGYYVDEYWGQGTQVTVSS
abgtx_cb_tp_13,QVQLQESGGGLVQPGGSLRLSCTASGDIGSSIEMGWYRQAPGKQRELVANITRGGGANYADSVKGRFAVSRGNGENTVHLQMNSLKPEDTAVYFCLARRGAWYTSGYYVDDFWGQGTQVTVSS
abgtx_cb_tp_14,QVQLQESGGGLVQPGGSLSLSCATTRDVGSIHAMAWYRQAPGKQRELVASVTMVGGETPTYAESIKGRFTISKDNDKNAISLQMSSLKPEDTAVYYCYAAVGNWYTSGYYVDDYWGQGTQVTVSS
abgtx_cb_tp_15,QVQLQESGGGLVQPGGSLTLSCAASGDIAGLRDMGWYYQAPGKQRELVAAQDRDGNTNYTDPVKGRFTISRDNAKNTVYLQMNSLKSEDTAVYYCYANVGNWYTSGYYVDDYWGQGTQVTVSS
abgtx_cb_tp_16,QVQLQESGGGLVQPGGSLTLSCSASGSGFRLNAMGWYRQAPGKQRELVASITRGGSTNYADSVKGRFTISRDNAENTVYLQMNSLKSEDTAVYYCYAAVGNWYESGYYVDDYWGQGTQVTVSS
abgtx_cb_tp_17,QVQLQESGGGLVQPGGSVSLSCTASGDIAGLNNMGWYRQAPGKQRELVAVQARGGNTNYTDSVKGRFTISRNNAGNTVYLQMDNLKSEDTAVYYCYATVGNWYTSGYYVDDFWGQGTQVTVSS
abgtx_cb_tp_18,QVQLQESGGGSVQAGGSLRLSCVASGSIDTIDTMGWYRQTPGEQRELVATISNGGSTNYAASVKGRFTVSKGNAKNTVYLQMNALNPEDTAVYYCYTKTSAWYVTGKYEDDYWGQGTQVTVSS
abgtx_cb_fp_0,QVQLQESGGGLAQPGGSLSLSCATTRDISSINTMGWHRQAPGKQRELVADMLADTSASYADSVKGRFTVSRDYANHTVHLQMNSLTPEDTAVYYCHSAVGNWYETGYYVDDYWGQGTQVTVSS
abgtx_cb_fp_1,QVQLQESGGGLVQPGGSLRLSCATTRDVGSIYAMAWYRQAPGKQRELVASVTMVGGETPTYAESIKGRFTISKDNDKNAISLQMSSLKPEDTAVYYCRADSYCSDSACYENPVFDYWGQGTQVTVSS
abgtx_cb_fp_2,QVQLQESGGGLVQPGGSLRLSCEVSGSIFSTVNDMAWYRQAPGKQRELVAHITGGGRADYADSVTGRATISRGDAENTAILQVDNMTPEDTAAYLCNFQERCSTYGCYELPQDYWGQGTQVTVSS
abgtx_cb_fn_0,QVQLQESGGGSVQAGGSLRLSCAASGSIGAIHAMGWFRQAPGSQRELVATVTTTSDSTTYGESVKGRFTISREADKNTVFLQMSSLKPEDTAVYYCNANSYCSESVCYENPWYDYWGQGTQVTVSS
abgtx_cb_fn_1,QVQLQESGGGLVQPGGSVSLSCTASGDIAGLNNMGWYRQAPGKQRELVAVQARGGNTNYTDSVKGRFTISREADKNTVFLQMSSLKPEDTAVYYCNANSYCSESVCYENPWYDYWGQGTQVTVSS
abgtx_cb_fn_2,QVQLQESGGGLAQPGGSLSLSCATTRDVGSIHAMAWYRQAPGKQRELVASVTMVGGETPTYAESIKGRFTISKDNDKNAISLQMSSLKPEDTAVYYCKADSYCSDSACYENPWYDYWGQGTQVTVSS
abgtx_mb_tp_0,QVQLQESGGGLVQPGGSLRLDCAASGDISRINTMGWHRQAPGKQRELVADMLAGTSATYADSVKGRFTVSRDYANHTVHLQMNSLVPEDTAVYYCHAKTTTWYESGGYEDDYWGQGTQVTVSS
abgtx_mb_fp_0,QVQLQESGGGLAQPGGSLSLSCATTRDVGSIHAMAWYRQAPGKQRELVASVTMVGGETPTYAESIKGRFTISKDNDKNAISLQMSSLKPEDTAVYYCHADSYCSDSACYENPVFDYWGQGTQVTVSS
abgtx_mb_fp_1,QVQLQESGGGLVQPGGSLRLSCATTRDVGSIHAMAWYRQAPGKQRELVASVTMVGGETPTYAESIKGRFTISKDNDKNAISLQMSSLKPEDTAVYYCKADSYCSDSACYENPVFEYWGQGTQVTVSS
abgtx_mb_fp_2,QVQLQESGGGLVQPGGSLRLSCATSRDVGSIHAMAWYRQAPGKQRELVASVTMVGGETPTYAESIKGRFTISKDNDKNAISLQMSSLKPEDTAVYYCKADSYCSDSACYENPVFDYWGQGTQVTVSS
abgtx_mb_fp_3,QVQLQESGGGLAQPGGSLSLSCATTRDVGSIHAMAWYRQAPGKQRELVASVTMVGGETPTYAESIKGRFTISKDNDKNAISLQMSSLKPEDTAVYYCKADSYCSDSACYENPVFDYWGQGTQVTVSS
abgtx_mb_fp_4,QVQLQESGGGLVQPGGSLRISCRTSKTVGSIYSMGWYRQAPGEQRELVATITSDSKSTYAQPVKGRFTISEDNNMNTVYLEMSSLKPEDTAVYYCTAKSYCSESVCYENPWYDYWGQGTQVTVSS
abgtx_mb_fn_0,QVQLQESGGGVVEPGGSLRLSCTTSGFTFADYSIGWFRKAPGKEREAVSAIPISDIQTYYANFVQGRFTISKDKAKNTVYLEMNNLKPEDTAVYYCAASPYWGSYWHVADEYVYWGHGTQVTVSS
abgtx_mb_fn_1,QVQLQESGGGLVQAGGSLRLSCVVSGRDLSAAFDCGLVPPGSRKEREFLAAISWSGGSTNYEDSVKGRFTISRDNLKNTVYLQMNSLKPEDTAVYQCAGDPTPYGTSPSGFDSWGQGTQVTVSS
abgtx_mb_fn_2,QVQLQESGGGLVQPGGSLRLSCEASGLTSSAYALGWAWFRQAPGREREFVAHMSTTADRTNYADFVKGRFTISTDNSKDTVFLQMNSLKPDDTAVYYCYADVGNWYETGYYVDDYWGQGTQVTVSS
acbtx_mb_tp_0,QVQLQESGGGLVQFGGSLRLSCAASGSIGSIYAMGWYRQAAGKQRELVANITTGGRATYSESVQGRFTISRDNNNKNTVYLQMSSLKPEDTAVYYCNADSYCSESVCYENPVFDYWGQGTQVTVSS
acbtx_mb_tp_1,QVQLQESGGGLVQFGGSSRLSCATSRSIGSIYAMGWYRQAAGKQRELVASITSDGSTKYSESVQGRFTISSADDDKNTVYLQMSSLKPEDTAVYYCHADSYCSESACYENPVFEYWGQGTQVTVSS
acbtx_mb_tp_2,QVQLQESGGGLVQPGGSLRISCRTSKTVGSIYSMGWYRQAPGEQRELVATITSDSKSTYAQPVKGRFTISEDNNMNTVYLEMSSLKPEDTAVYYCTAKSYCSDSACYENPVFDYWGQGTQVTVSS
acbtx_mb_tp_3,QVQLQESGGGLVQPGGSLRLSCAASGSIGAIHAMGWFRQAPGSQRELVATVTTTSDSTTYGESVKGRFTISREADKNTVFLQMSSLKPEDTAVYYCHADSYCSESVCYENPVFDYWGQGTQVTVSS
acbtx_mb_tp_4,QVQLQESGGGLVQPGGSLRLSCAASGSIGAIHAMGWYRQAPGKQRELVASVTMVGGETPTYAESIKGRFTISKDNDKNAISLQMSSLKPEDTAVYYCKADSYCSDSACYENPVFDYWGQGTQVTVSS
acbtx_mb_tp_5,QVQLQESGGGLVQPGGSLRLSCAASGSVSSFNGMGWYRQPPGKERELVAFITNGGVTEYTDSVKGRFTLSRDNAKNTVYLRLNSLKPDDTAVYYCTAGQVRTYVSGRYFDADYWGQGTQVTVSS
acbtx_mb_tp_6,QVQLQESGGGLVQSGGTLELNCSASGSIFSTVNTMAWYRQAPGKQRELVASVTGGGRTDYADSVKGRFTISRGNVENTYSIQMNNLKPDDTAVYYCNYQEYCSSYGCYERPQHFWGQGTQVTVSS
acbtx_mb_fp_0,QVQLQESGGGLVQAGGSLTLSCTASGDIAGLNNMGWYRQAPGKQRELVAVQARGGNTNYTDSVKGRFTISRNNAGNTVYLQSNNLKSEDTAVYYCYASVGNWYTSGYYVDDYWGQGTQVTVSS
acbtx_mb_fp_1,QVQLQESGGGLVQDGGSLRLSCAASGDISSINTMGWYRQAPGKERELVATISSGGVTNYSDSVKGRFTISRGNAKNSLYLQMNSLKPEDTAVYYCNVNVSNWYTTGYYTDDYWGQGTQVTVSS
acbtx_mb_fp_2,QVQLQESGGGLVQPGGSLTLSCEASGDIAGLNNMGWYRQAPGKQRELVAAQARGGNTNYTDSVKGRFTISRGNAGNTVYLQMDNLKSEDTAVYYCYAAVGNWYTSGYYVDDYWGQGTQVTVSS
acbtx_mb_fp_3,QVQLQESGGGLVQPGDSLRLSCAASGDISSLNVMGWYRQAPGEQRELVANITRGGSTNYADSVKGRFTISRGAAANTVYLQMNSLKSEDTAVYYCYAAVGNWYESGYYVDDYWGQGTQVTVSS
acbtx_mb_fp_4,QVQLQESGGGLVQPGGSLRLSCAASGDISSLNVMGWYRQVPGAQRDLVAKMFRDNSTTYADSVKGRFTISRGDAKNTVYLQMNNLKPEDSAVYYCYAAVGNWYTSGYYVDDYWGQGTQVTVSS
acbtx_mb_fn_0,QVQLQESGGGLVQPGGSLRLDCAASGDISRINTMGWYRQAPGKQRELVAAIDRLDGSTRYGDFVKGRFTISRDNAANTVYLQMISLKPDDTAVYYCNLANPPRLYGSSWYMGVDYWGNGTQVTVSS
clntx_cb_tp_0,QVQLQESGGGLVQPGGSLTLSCAASGSIGAIHAMGWYRQAPGSQRELVATVTTTSDSTTYGESVKGRFTISREADKNTVFLQMSSLKPEDTAVYYCHADSYCSESVCYENPVFDYWGQGTQVTVSS
clntx_cb_tp_1,QVQLQESGGGLVQPGGSVSLSCTASGDIAGLNNMGWYRQAPGKQRELVAVQARGGNTNYTDSVKGRFTISRNNAGNTVYLQMNNLKSEDTAVYYCYATVGNWYTSGYYVDDYWGQGTQVTVSS
clntx_cb_fn_0,QVQLQESGGGLAQPGGSLSLSCATTRDVGSIHAMAWYRQAPGKQRELVASVTMVGGETPTYAESIKGRFTISKDNDKNAISLQMSSLKPEDTAVYYCKADSYCSESVCYENPWYDYWGQGTQVTVSS
clntx_cb_fn_1,QVQLQESGGGLVQPGGSLTLSCAASGSPYRIYAMTWYRQAPGKQRELVATITTGGTTTYAEPVKGRFTISRDNAENTVYLQMSSLKPEDTAVYYCNASSYCSESVCYENPVFNYWGQGTQVTVSS
clntx_cb_fn_2,QVQLQESGGGLVQAGGSLRLSCAASGSIFSSINNMAWYRQAPGKQRELVAGITGGGRPTYADSVKGRATISRANAENTVDLQVNNVKPEDTAVYYCNFQEYCSAAGCYERPQDYWGQGTQVTVSS
clntx_mb_tp_0,QVQLQESGGGLAQAGGSLRLTCAASGRTYSMGWFRQTPGKEREFVAAAEESRDGTSYGDGVRGRFTISRDKDNNTAYLQMNSLKVDDTATYYCVAGTSWANYIMTPSDFEYWGQGTQVTVSS
clntx_mb_tp_1,QVQLQESGGGLVQAGGSLRLSCTTSGFSFNDHAIAWFRQAPGKEREGVLCIANADGNIYAADFAEDRFTISNDKVNRTVYLQMNNLKPEDTAVYYCAASPYWGTMWNIPDEYHFWGQGTQVTVSS
clntx_mb_tp_2,QVQLQESGGGLVQAGGSLRLTCAASGFTFDDYAIAWFRQAPGKEREGVSCISNADTSIYYADSVEDRFTISNDKTNNTVYLQMNSLKPEDTAVYYCAASPFWGSSWHEPSEYDYWGQGTQVTVSS
clntx_mb_tp_3,QVQLQESGGGLVQAGGSLTLSCTASGLDFENHAIAWFRQAPGKEREGVSCVSNADASTYYARSVKGRFTAFNDKRQNMAFLQMDSLKPEDTAVYYCAASPFWGTSWHVPGEYGYWGQGTQVTVSS
clntx_mb_tp_4,QVQLQESGGGLVQDGGSLRLSCAVPGFAYDNHAIGWFRQAPGKEREAVACIAISDTWTAFGGFVKGRFTVTKDNDKNTVYLQMNSLKPEDTAVYYCAASPFWGSEWYDPSEYKYWGQGTQVTVSS
clntx_mb_tp_5,QVQLQESGGGLVQPGGSLRLSCAASGFSFDDYAITWFRQAPGKEREGVICISNADYSRYYADSVKDRFTISNDKAKKTVYLQMNSLKPEDTAVYYCAASPYWGTDWHREDEYEYWGQGTQVTVSS
clntx_mb_tp_6,QVQLQESGGGLVQPGGSLRLTCVASGFNFDDYAITWFRQAPGKEREGVSCISAADYSRYHADFVKDRFTISVDNANRTVTLEMNDLKPEDTGVYYCAASPFWGTDWYKVDEYNYWGQGTQVTVSS
clntx_mb_tp_7,QVQLQESGGGLVQPGGSLTLSCTASGLDFDNHAITWFRQAPGKEREGVICLSNADSSRYYADFVKGRFTISNDKAKKTVYLQMNSLKPEDTAVYYCAASPFWGTDWHREDEYHYWGQGTQVTVSS
clntx_mb_tp_8,QVQLQESGGGLVQTGGSLRLTCAASGFTFDDYAIGWFRQAPGKEREAVSCISNADTWLAHGHFVKGRFTISSDKAKKTVYLQMNNLEPEDTAVYYCAASPNWGSYWNDPSEYNYWGQGTQVTVSS
clntx_mb_fp_0,QVQLQESGGGLAQPGGSLSLSCATTRDVGSIHAMAWYRQAPGKQRELVAVQARGGNTNYTDSVKGRFTISRDNAENTVYLQMNSLKSEDTAVYYCYAAVGNWYESGYYVDDYWGQGTQVTVSS
clntx_mb_fp_1,QVQLQESGGGLAQVGGSLRLTCAASGRTYAMGWFRQAPGKDREFVAAVEESRGGTTYADGVRDRFTISRENAENTVYLQMNSLKAEDTATYYCVAGTSWANYIMTPNDFEYWGQGTQVTVSS
clntx_mb_fp_2,QVQLQESGGGLVQPGGSLTLSCTASGDIAGLRNMGWYRQAPGNERELVAVQARDGNTNYTDSVKGRFTISRKNAGNTVHLQMNNLKFEDTADYYCYASVGNWYTSGYYVDDYWGQGTQVTVSS
clntx_mb_fp_3,QVQLQESGGGLVQAGGSLRLSCSASGDIGTIDAMGWFRQAPGKQRELVAAITSGGSTEYADSVKGRFAISRDVAVNTVYLQMNSLKSEDTAVYYCNTNSSKWYTSGLYTDDYWGQGTQVTVSS
clntx_mb_fp_4,QVQLQESGGGLVQPGGSLRLSCTASGDIAGLINMGWYRQAPGTQRELVAVQARGGNTNYTDSVKGRFTISRDNARNTVYLQMNSLKSEDTAVYYCYADVGNWYTSGYYVDDYWGQGTQVTVSS
clntx_mb_fn_0,QVQLQESGGGLVESGGSVRLSCSASGGTLNDYPVGWFRQVPGKEREGVSCIGSNEGDRHFVAAVKGRFTISRDYATNTVYLQMNDLRPDDAGVYYCARDAVTSSYYCSGFAHDYQYMGQGTQVTVSS
clntx_mb_fn_1,QVQLQESGGGLVQAGESLTLSCEASGFSFDDHAIGWFRQAPGKEREGVACISNADFSRYFANDVEGRFTISTDKAKNTVYLQMNDLKPEDTAVYYCAASPFWGTMWDDPAEYHHWGQGTQVTVSS
clntx_mb_fn_2,QVQLQESGGGLVQPGGSLNLSCASSGLDFDNHAITWFRQAPGKEREGVICLSNADYSRYYADFVKGRFTITNDKAKKTVYLQMNNLKPEDTAVYYCAASPFWGTGWHREDEYPYWGQGTQVTVSS
clntx_bind_tp_0,QVQLQESGGGLAQAGDSLRLTCAASGRTYAMGWFRQTPGKERDFVAAAEESRDGTTYGDDVRGRFTISRDKDKNTVALQMNSLKVDDTGTYYCVAGTSWANYIMTPNDFEYWGQGTQVTVSS
clntx_bind_tp_1,QVQLQESGGGLVQAGDSLRLSCAASGSIGAIHAMGWYRQAPGKQRELVATQGRSGDTNYTDSVKGRFTISRDNAKNTVYLQMNSLKSEDTAVYYCYAAVGNWYESGYYVDDYWGQGTQVTVSS
clntx_bind_fp_0,QVQLQESGGGLVQAGGSLRLTCAASEDAYAMGWFRQRPGKEREYVAAVERSAGRTSYADGVRGRFTISMNKTDNTAYLQMRSLKFEDTAVYYCASGTRWSNAIMTPREFDDWGQGTQVTVSS
clntx_bind_tn_0,QVQLQESGGGLVQPGGSLRLDCAASGDISRINTMGWYRQAPGKQRELVADMSADTSATYADSVKGRFTVSRDYANHTVHLQMYSLKPEDTAVYYCSESEHRWGTTPLNWGRGTQVTVSS
clntx_bind_tn_1,QVQLQESGGGLVQPGGSLRLSCAASGSIFSTYVMGWYRQAPGQQRDLVAIITNGGQTTYADSVKGRFTISRDKDTVYLQMNSLLPEDTAVYYCNAGPPTGWGPPGERLDVWGQGTQVTVSS
clntx_bind_tn_2,QVQLQESGGGFVQPGGSLRLSCRTSGIILSDHSMGWYRQTPGKQREFVAHISSLGTDTYQDPVVGRFTVSRDNARNTVYLQMNSLKPEDTGVYYCNAFRREKEGRRDYWGQGTQVTVSS
clntx_bind_tn_3,QVQLQESGGGLVQPGGSLRLSCTASGDIAGLINMGWYRQAPGKEREGVSCISESGVWTEYADSVKGRFTISRDNAKNTAYLQMNNLKPEDTAYYYCKATGVVYDTGVYEDYGRDYWGEGTQVTVSS
clntx_bind_tn_4,QVQLQESGGGLVQPGGSLRLSCVGSGYTLRNYAVAWFRRAPGKAREGVSCITADGQMYYGESVEGRFTITRDNGENTVYLQMNDLRPDDSAVYYCAAPWYAPGCADYSTYDLGNFWGQGTQVTVSS
abgtx_cb_tp_0_se_0,QVQLQESGGGLAQAGGSLTLSCAASGDIGGLINMGWYRQVPGKQRELVALQGREGNANYTDSVKGRFTISRGNSGNTVSLQMNSLKSEDTAVYYCYATVGNWYTSGYYVDDYWGQGTQVTVSS
abgtx_cb_tp_0_se_1,QVQLQESGGGLAQAGGSLRLSCAASGDIGGLINMGWYRQVPGKQRELVALQGREGNANYTDSVKGRFTISRGNSGNTVSLQMNSLKSEDTAVYYCYATVGRWYTSGYYVDDYWGQGTQVTVSS
abgtx_cb_tp_0_se_2,QVQLQESGGGLAQAGGSLRLSCAASGDIGGLINMGWYRQVPGKQRELVALQGREGNANYTDSVKGRFTISRGNSGNTVSLQMNSLKVEDTAVYYCYATVGNWYTSGYYVDDYWGQGTQVTVSS
abgtx_cb_tp_0_se_3,QVQLQESGGGLAQAGGSLRLSCAASGDIGGLQNMGWYRQVPGKQRELVALQGREGNANYTDSVKGRFTISRGNSGNTVSLQMNSLKSEDTAVYYCYATVGNWYTSGYYVDDYWGQGTQVTVSS
abgtx_cb_tp_0_se_4,QVQLQESGGGLAQAGGSLVLSCAASGDIGGLINMGWYRQVPGKQRELVALQGREGNANYTDSVKGRFTISRGNSGNTVSLQMNSLKSEDTAVYYCYATVGNWYTSGYYVDDYWGQGTQVTVSS
abgtx_cb_tp_13_se_0,QVQLQESGGGLVQPGGSLRLSCTASGDIGSSIEMGWYRQAPGKQRELVANITRGGGANYADSVKGRFAVSRGNGENTVHLQMNSLKPEDTAVYFCLARIGAWYTSGYYVDDFWGQGTQVTVSS
abgtx_cb_tp_13_se_1,QVQLQESGGGLVQPGGSLTLSCTASGDIGSSIEMGWYRQAPGKQRELVANITRGGGANYADSVKGRFAVSRGNGENTVHLQMNSLKPEDTAVYFCLARRGAWYTSGYYVDDFWGQGTQVTVSS
abgtx_cb_tp_13_se_2,QVQLQESGGGLVQPGGSLVLSCTASGDIGSSIEMGWYRQAPGKQRELVANITRGGGANYADSVKGRFAVSRGNGENTVHLQMNSLKPEDTAVYFCLARRGAWYTSGYYVDDFWGQGTQVTVSS
abgtx_cb_tp_13_se_3,QVQLQESGGGLVQPGGSLRLSCTASGDIGSSIEMGWYRQAPGKQRELVANITRGGGANYADSVKGRFAVSRGNGENTVHLQMNSLKPEDTAVYFCLARVGAWYTSGYYVDDFWGQGTQVTVSS
abgtx_cb_tp_13_se_4,QVQLQESGGGLVQPGGSLRLSCTASGDIGSSIEMGWYRQAPGKQRELVANITRGGGANYADSVKGRFAVSRGNDENTVHLQMNSLKPEDTAVYFCLARRGAWYTSGYYVDDFWGQGTQVTVSS
abgtx_cb_tp_5_se_0,QVQLQESGGGLVQPGGSLVLSCAASGDIAGLNNMGWYRQTPGNQRELVATQGRSGDTNYTDSVKGRFTISRDNAKNTVYLQMNSLKSEDTAVYYCYAAVGNWYESGYYVDDYWGQGTQVTVSS
abgtx_cb_tp_5_se_1,QVQLQESGGGLVQPGGSLKLSCAASGDIAGLNNMGWYRQTPGNQRELVATQGRSGDTNYTDSVKGRFTISRDNAKNTVYLQMNSLKEEDTAVYYCYAAVGNWYESGYYVDDYWGQGTQVTVSS
abgtx_cb_tp_5_se_2,QVQLQESGGGLVQPGGSLKLSCAASGDIAGLNNMGWYRQTPGNQRELVATIGRSGDTNYTDSVKGRFTISRDNAKNTVYLQMNSLKSEDTAVYYCYAAVGNWYESGYYVDDYWGQGTQVTVSS
abgtx_cb_tp_5_se_3,QVQLQESGGGLVQPGGSLKLSCTASGDIAGLNNMGWYRQTPGNQRELVATQGRSGDTNYTDSVKGRFTISRDNAKNTVYLQMNSLKSEDTAVYYCYAAVGNWYESGYYVDDYWGQGTQVTVSS
abgtx_cb_tp_5_se_4,QVQLQESGGGLVQPGGSLKLSCAASGDIAGLNNMGWYRQTPGNQRELVATQGRSGDTNYTDSVKGRFTISRDNAKNTVYLDMNSLKSEDTAVYYCYAAVGNWYESGYYVDDYWGQGTQVTVSS
abgtx_cb_tp_10_se_0,QVQLQESGGGLVQPGGSLTLSCAASGDIGGLKQMGWYRQAPGHQRELVAVKRNENEANYTESVKGRFTISRDNARKMVYLQMNSLKPEDTAVYYCNAVVGNWYTSGYYEDTYWGQGTQVTVSS
abgtx_cb_tp_10_se_1,QVQLQESGGGLVQPGGSLVLSCAASGDIGGLKQMGWYRQAPGHQRELVAVKRNENEANYTESVKGRFTISRDNARKMVYLQMNSLKPEDTAVYYCNAVVGNWYTSGYYEDTYWGQGTQVTVSS
abgtx_cb_tp_10_se_2,QVQLQESGGGLVQPGGSLRLSCAASGDIGGLKQMGWYRQAPGQQRELVAVKRNENEANYTESVKGRFTISRDNARKMVYLQMNSLKPEDTAVYYCNAVVGNWYTSGYYEDTYWGQGTQVTVSS
abgtx_cb_tp_10_se_3,QVQLQESGGGLVQPGGSLRLSCQASGDIGGLKQMGWYRQAPGHQRELVAVKRNENEANYTESVKGRFTISRDNARKMVYLQMNSLKPEDTAVYYCNAVVGNWYTSGYYEDTYWGQGTQVTVSS
abgtx_cb_tp_10_se_4,QVQLQESGGGLVQPGGSLRLSCAASGDIGGLKQMGWYRQAPGHQRELVAVKRNENEANYTESVKGRFTISRDDARKMVYLQMNSLKPEDTAVYYCNAVVGNWYTSGYYEDTYWGQGTQVTVSS
abgtx_cb_tp_6_se_0,QVQLQESGGGLVQPGGSLTLDCAASGDISRINTMGWYRQAPGKQRELVAVQARGGNTNYTDSVKGRFTISRNNAGNTVYLQMNNLKSEDTAVYYCYATVGNWYTSGYYVDDYWGQGTQVTVSS
abgtx_cb_tp_6_se_1,QVQLQESGGGLVQPGGSLRLDCAASGDISRINTMGWYRQAPGKQRELVAVQARGGNTNYTDSVKGRFTISRNNAGNTVYLQMNNLKSEDTAVYYCYATVGRWYTSGYYVDDYWGQGTQVTVSS
abgtx_cb_tp_6_se_2,QVQLQESGGGLVQPGGSLRLDCAASGDISRINTMGWYRQAPGKQRELVAVQARGGNTNYTDSVKGRFTISRNNAGNTVYLQMNNLKEEDTAVYYCYATVGNWYTSGYYVDDYWGQGTQVTVSS
abgtx_cb_tp_6_se_3,QVQLQESGGGLVQPGGSLRLSCAASGDISRINTMGWYRQAPGKQRELVAVQARGGNTNYTDSVKGRFTISRNNAGNTVYLQMNNLKSEDTAVYYCYATVGNWYTSGYYVDDYWGQGTQVTVSS
abgtx_cb_tp_6_se_4,QVQLQESGGGLVQPGGSLRLDCAASGDISRINTMGWYRQAPGKQRELVAVQARGGNTNYTDSVKGRFTISRNNAGNTVYLDMNNLKSEDTAVYYCYATVGNWYTSGYYVDDYWGQGTQVTVSS
abgtx_cb_tp_12_se_0,QVQLQESGGGLVQPGGSLTLSCAASGDISGLNTMGWYRQALGKQREMVAVQGRGGNTNYTDSVKGRFTISRANAGNTVHLQMNSLKPEDTAVYYCYADVGNWYTSGYYVDEYWGQGTQVTVSS
abgtx_cb_tp_12_se_2,QVQLQESGGGLVQPGGSLRLSCAASGDISGLNTMGWYRQASGKQREMVAVQGRGGNTNYTDSVKGRFTISRANAGNTVHLQMNSLKPEDTAVYYCYADVGNWYTSGYYVDEYWGQGTQVTVSS
abgtx_cb_tp_12_se_3,QVQLQESGGGLVQPGGSLVLSCAASGDISGLNTMGWYRQALGKQREMVAVQGRGGNTNYTDSVKGRFTISRANAGNTVHLQMNSLKPEDTAVYYCYADVGNWYTSGYYVDEYWGQGTQVTVSS
abgtx_cb_tp_12_se_4,QVQLQESGGGLVQPGGSLRLSCAASGDISGLNTMGWYRQALGKQREMVAVQGRGGNTNYTDSVKGRFTISRSNAGNTVHLQMNSLKPEDTAVYYCYADVGNWYTSGYYVDEYWGQGTQVTVSS
abgtx_cb_tp_18_se_0,QVQLQESGGGSVQAGGSLTLSCVASGSIDTIDTMGWYRQTPGEQRELVATISNGGSTNYAASVKGRFTVSKGNAKNTVYLQMNALNPEDTAVYYCYTKTSAWYVTGKYEDDYWGQGTQVTVSS
abgtx_cb_tp_18_se_1,QVQLQESGGGSVQAGGSLRLSCVASGSIDTIDTMGWYRQTPGEQRELVATISNGGSTNYAASVKGRFTVSKGNAKNTVYLQMNALVPEDTAVYYCYTKTSAWYVTGKYEDDYWGQGTQVTVSS
abgtx_cb_tp_18_se_2,QVQLQESGGGSVQAGGSLRLSCVASGSIDTIDTMGWYRQKPGEQRELVATISNGGSTNYAASVKGRFTVSKGNAKNTVYLQMNALNPEDTAVYYCYTKTSAWYVTGKYEDDYWGQGTQVTVSS
abgtx_cb_tp_18_se_3,QVQLQESGGGSVQAGGSLVLSCVASGSIDTIDTMGWYRQTPGEQRELVATISNGGSTNYAASVKGRFTVSKGNAKNTVYLQMNALNPEDTAVYYCYTKTSAWYVTGKYEDDYWGQGTQVTVSS
abgtx_cb_tp_18_se_4,QVQLQESGGGSVQAGGSLRLSCVASGSIDTIDTMGWYRQTPGEQRELVATISNGGSTNYAASVKGRFTVSKGNAKNTVYLQMNALNPEDTAVYYCYVKTSAWYVTGKYEDDYWGQGTQVTVSS
abgtx_cb_tp_14_se_0,QVQLQESGGGLVQPGGSLSLSCATTRDVGSIHAMAWYRQAPGKQRELVASVQMVGGETPTYAESIKGRFTISKDNDKNAISLQMSSLKPEDTAVYYCYAAVGNWYTSGYYVDDYWGQGTQVTVSS
abgtx_cb_tp_14_se_1,QVQLQESGGGLVQPGGSLTLSCATTRDVGSIHAMAWYRQAPGKQRELVASVTMVGGETPTYAESIKGRFTISKDNDKNAISLQMSSLKPEDTAVYYCYAAVGNWYTSGYYVDDYWGQGTQVTVSS
abgtx_cb_tp_14_se_2,QVQLQESGGGLVQPGGSLSLSCATTRDVGSIHAMAWYRQAPGKQRELVASVNMVGGETPTYAESIKGRFTISKDNDKNAISLQMSSLKPEDTAVYYCYAAVGNWYTSGYYVDDYWGQGTQVTVSS
abgtx_cb_tp_14_se_3,QVQLQESGGGLVQPGGSLSLSCATTRDVGSIHAMAWYRQAPGKQRELVASVKMVGGETPTYAESIKGRFTISKDNDKNAISLQMSSLKPEDTAVYYCYAAVGNWYTSGYYVDDYWGQGTQVTVSS
abgtx_cb_tp_14_se_4,QVQLQESGGGLVQPGGSLSLSCATTRDVGSIHAMAWYRQAPGKQRELVASVDMVGGETPTYAESIKGRFTISKDNDKNAISLQMSSLKPEDTAVYYCYAAVGNWYTSGYYVDDYWGQGTQVTVSS
abgtx_cb_tp_9_se_0,QVQLQESGGGLVQPGGSLTLSCAASGDIGGLKQMGWYRQAPGHQRELVAVKRNENEANYTESVKGRFTISRDNARKMVYLQMNSLKPEDTAVYYCNAVVGNWYETGYYVDDYWGQGTQVTVSS
abgtx_cb_tp_9_se_1,QVQLQESGGGLVQPGGSLVLSCAASGDIGGLKQMGWYRQAPGHQRELVAVKRNENEANYTESVKGRFTISRDNARKMVYLQMNSLKPEDTAVYYCNAVVGNWYETGYYVDDYWGQGTQVTVSS
abgtx_cb_tp_9_se_2,QVQLQESGGGLVQPGGSLRLSCAASGDIGGLKQMGWYRQAPGQQRELVAVKRNENEANYTESVKGRFTISRDNARKMVYLQMNSLKPEDTAVYYCNAVVGNWYETGYYVDDYWGQGTQVTVSS
abgtx_cb_tp_9_se_3,QVQLQESGGGLVQPGGSLRLSCAASGDIGGLKQMGWYRQAPGEQRELVAVKRNENEANYTESVKGRFTISRDNARKMVYLQMNSLKPEDTAVYYCNAVVGNWYETGYYVDDYWGQGTQVTVSS
abgtx_cb_tp_9_se_4,QVQLQESGGGLVQPGGSLRLSCAASGDIGGLKQMGWYRQAPGHQRELVAVKRNENEANYTESVKGRFTISRDNARKMVYLDMNSLKPEDTAVYYCNAVVGNWYETGYYVDDYWGQGTQVTVSS
abgtx_cb_tp_11_se_0,QVQLQESGGGLVQPGGSLTLSCAASGDISGLNKMGWYRQAPGKQRELVAAQARGGVANYTDSVKGRFTISRGNAENTVYLQMNSLKPEDTAVYYCYADVGNWYETGYYVDDYWGQGTQVTVSS
abgtx_cb_tp_11_se_1,QVQLQESGGGLVQPGGSLVLSCAASGDISGLNKMGWYRQAPGKQRELVAAQARGGVANYTDSVKGRFTISRGNAENTVYLQMNSLKPEDTAVYYCYADVGNWYETGYYVDDYWGQGTQVTVSS
abgtx_cb_tp_11_se_2,QVQLQESGGGLVQPGGSLRLSCAASGDISGLNTMGWYRQAPGKQRELVAAQARGGVANYTDSVKGRFTISRGNAENTVYLQMNSLKPEDTAVYYCYADVGNWYETGYYVDDYWGQGTQVTVSS
abgtx_cb_tp_11_se_3,QVQLQESGGGLVQPGGSLRLSCAASGDISGLNLMGWYRQAPGKQRELVAAQARGGVANYTDSVKGRFTISRGNAENTVYLQMNSLKPEDTAVYYCYADVGNWYETGYYVDDYWGQGTQVTVSS
abgtx_cb_tp_11_se_4,QVQLQESGGGLVQPGGSLRLSCAASGDISGLNKMGWYRQAPGKQRELVAAQARGGVANYTDSVKGRFTISRGNAENTVYLDMNSLKPEDTAVYYCYADVGNWYETGYYVDDYWGQGTQVTVSS
abgtx_cb_tp_17_se_0,QVQLQESGGGLVQPGGSVSLSCTASGDIAGLNNMGWYRQAPGKQRELVAVQARGGNTNYTDSVKGRFTISRNNAGNTVYLQMDNLKSSDTAVYYCYATVGNWYTSGYYVDDFWGQGTQVTVSS
abgtx_cb_tp_17_se_1,QVQLQESGGGLVQPGGSVSLSCTASGDIAGLNNMGWYRQAPGKQRELVAVQARGGNTNYTDSVKGRFTISRNNAGNTVYLQMDNLKSEDTAVYYCYATVGRWYTSGYYVDDFWGQGTQVTVSS
abgtx_cb_tp_17_se_2,QVQLQESGGGLVQPGGSVSLSCTASGDIAGLNNMGWYRQAPGKQRELVAVQARGGNTNYTDSVKGRFTISRNNAGNTVYLQMNNLKSEDTAVYYCYATVGNWYTSGYYVDDFWGQGTQVTVSS
abgtx_cb_tp_17_se_3,QVQLQESGGGLVQPGGSVSLSCTASGDIAGLNNMGWYRQAPGKQRELVAVQSRGGNTNYTDSVKGRFTISRNNAGNTVYLQMDNLKSEDTAVYYCYATVGNWYTSGYYVDDFWGQGTQVTVSS
abgtx_cb_tp_17_se_4,QVQLQESGGGLVQPGGSVSLSCTASGDIAGLNNMGWYRQAPGKQRELVAVQARGGNTNYTDSVKGRFTISRNNAGNTVYLQMDNLKSEDTAVYYCYATVGNWYTSGYYVDDFWGQGVQVTVSS
abgtx_cb_tp_7_se_0,QVQLQESGGGLVQPGGSLTLSCAASGDIAGLNNMGWYRQAPGKQRELVAAQARGGNTNYTDSVKGRFTISRDNAENTVYLQMNSLKSEDTAVYYCYAAVGNWYESGYYVDDYLGQGTQVTVSS
abgtx_cb_tp_7_se_1,QVQLQESGGGLVQPGGSLRLSCAASGDIAGLQNMGWYRQAPGKQRELVAAQARGGNTNYTDSVKGRFTISRDNAENTVYLQMNSLKSEDTAVYYCYAAVGNWYESGYYVDDYLGQGTQVTVSS
abgtx_cb_tp_7_se_2,QVQLQESGGGLVQPGGSLRLSCAASGDIAGLNNMGWYRQAPGKQRELVAAQSRGGNTNYTDSVKGRFTISRDNAENTVYLQMNSLKSEDTAVYYCYAAVGNWYESGYYVDDYLGQGTQVTVSS
abgtx_cb_tp_7_se_3,QVQLQESGGGLVQPGGSLVLSCAASGDIAGLNNMGWYRQAPGKQRELVAAQARGGNTNYTDSVKGRFTISRDNAENTVYLQMNSLKSEDTAVYYCYAAVGNWYESGYYVDDYLGQGTQVTVSS
abgtx_cb_tp_7_se_4,QVQLQESGGGLVQPGGSLRLSCAASGDIAGLNNMGWYRQAPGKQRELVAAQARGGNTNYTDSVKGRFTISRDNAENTVYLQMNSLKEEDTAVYYCYAAVGNWYESGYYVDDYLGQGTQVTVSS
abgtx_cb_tp_2_se_0,QVQLQESGGGLVLPGGSLTLSCTASGDIASLNVMAWHRQPPGEQRELVAKMLRDNSSAYADSVKGRFTISRDNAKHTVSLQMNNLKPEDTAVYYCYADVGRWYETGYYVDDYWGQGTQVTVSS
abgtx_cb_tp_2_se_1,QVQLQESGGGLVLPGGSLTLSCTASGDIASLNVMAWHRQPPGEQRELVAKMLRDNSSSYADSVKGRFTISRDNAKHTVSLQMNNLKPEDTAVYYCYADVGNWYETGYYVDDYWGQGTQVTVSS
abgtx_cb_tp_2_se_2,QVQLQESGGGLVLPGGSLTLSCTASGDIASLNVMAWHRQPPGEQRELVAKMLRDNSSAYADSVKGRFTISRDNAKHTVSLQMNNLKPEDTAVYYCYADTGNWYETGYYVDDYWGQGTQVTVSS
abgtx_cb_tp_2_se_3,QVQLQESGGGLVLPGGSLTLSCTASGDIASLNVMAWHRQPPGEQRELVAQMLRDNSSAYADSVKGRFTISRDNAKHTVSLQMNNLKPEDTAVYYCYADVGNWYETGYYVDDYWGQGTQVTVSS
abgtx_cb_tp_2_se_4,QVQLQESGGGLVLPGGSLTLSCTASGDIASLNVMAWHRQPPGEQRELVAMMLRDNSSAYADSVKGRFTISRDNAKHTVSLQMNNLKPEDTAVYYCYADVGNWYETGYYVDDYWGQGTQVTVSS
abgtx_cb_tp_15_se_1,QVQLTESGGGLVQPGGSLTLSCAASGDIAGLRDMGWYYQAPGKQRELVAAQDRDGNTNYTDPVKGRFTISRDNAKNTVYLQMNSLKSEDTAVYYCYANVGNWYTSGYYVDDYWGQGTQVTVSS
abgtx_cb_tp_15_se_2,QVQLQESGGGLVQPGGSLTLSCAASGDIAGLRDMGWYYQAPGKQRELVAAQDRDGNTNYTDPVKGRFTISRDNAKNTVYLQMNSLKEEDTAVYYCYANVGNWYTSGYYVDDYWGQGTQVTVSS
abgtx_cb_tp_15_se_3,QVQLQESGGGLVQPGGSLTLSCAASGDIAGLRDMGWYYQAPGKQRELVAAQDRDGNTNYTDPVKGRFTISRDNAKNTVYLQMNSLKKEDTAVYYCYANVGNWYTSGYYVDDYWGQGTQVTVSS
abgtx_cb_tp_15_se_4,QVQLQESGGGLVQPGGSLTLSCAASGDIAGLRDMGWYYQAPGKQRELVAAQDRDGNTNYTDPVKGRFTISRDNAKNTVYLQMNSLKSEDTAVYYCYANVGKWYTSGYYVDDYWGQGTQVTVSS
abgtx_cb_tp_8_se_0,QVQLQESGGGLVQPGGSLTLSCAASGDIAGLNNMGWYRQAPGKQRELVAAQARGGNTNYTDSVKGRFTISRDNAENTVYLQMNSLKSEDTAVYYCYAAVGNWYESGYYVDDYWGQGTQVTVSS
abgtx_cb_tp_8_se_1,QVQLQESGGGLVQPGGSLRLSCAASGDIAGLNNMGWYRQAPGKQRELVAAQARGGNTNYTDSVKGRFTISRDNAENTVYLQMNSLKSEDTAVYYCYAAVGRWYESGYYVDDYWGQGTQVTVSS
abgtx_cb_tp_8_se_2,QVQLQESGGGLVQPGGSLRLSCAASGDIAGLNNMGWYRQAPGKQRELVAAQARGGNTNYTDSVKGRFTISRDNARNTVYLQMNSLKSEDTAVYYCYAAVGNWYESGYYVDDYWGQGTQVTVSS
abgtx_cb_tp_8_se_3,QVQLQESGGGLVQPGGSLRLSCAASGDIAGLNNMGWYRQAPGKQRELVAAQSRGGNTNYTDSVKGRFTISRDNAENTVYLQMNSLKSEDTAVYYCYAAVGNWYESGYYVDDYWGQGTQVTVSS
abgtx_cb_tp_8_se_4,QVQLQESGGGLVQPGGSLVLSCAASGDIAGLNNMGWYRQAPGKQRELVAAQARGGNTNYTDSVKGRFTISRDNAENTVYLQMNSLKSEDTAVYYCYAAVGNWYESGYYVDDYWGQGTQVTVSS
abgtx_cb_tp_3_se_0,QVQLQESGGGLVLPGGSVSLSCTASGDIAGLNNMGWYRQAPGKQRELVAVQARGGNTNYTDSVKGRFTISRNNAGNTVYLQMNNLKSSDTAVYYCYATVGNWYESGYYVDDYWGQGTQVTVSS
abgtx_cb_tp_3_se_1,QVQLQESGGGLVLPGGSVSLSCTASGDIAGLNNMGWYRQAPGKQRELVAVQARGGNTNYTDSVKGRFTISRNNAGNTVYLQMNNLKSEDTAVYYCYATVGRWYESGYYVDDYWGQGTQVTVSS
abgtx_cb_tp_3_se_2,QVQLQESGGGLVLPGGSVSLSCTASGDIAGLNNMGWYRQAPGKQRELVAVQSRGGNTNYTDSVKGRFTISRNNAGNTVYLQMNNLKSEDTAVYYCYATVGNWYESGYYVDDYWGQGTQVTVSS
abgtx_cb_tp_3_se_3,QVQLQESGGGLVLPGGSVTLSCTASGDIAGLNNMGWYRQAPGKQRELVAVQARGGNTNYTDSVKGRFTISRNNAGNTVYLQMNNLKSEDTAVYYCYATVGNWYESGYYVDDYWGQGTQVTVSS
abgtx_cb_tp_3_se_4,QVQLQESGGGLVLPGGSVSLSCTASGDIAGLNNMGWYRQAPGKQRELVAVQARGGNTNYTDSVKGRFTISRNNAGNTVYLQMNNLKSEDTAVYYCYATVGNWYESGYYVDEYWGQGTQVTVSS
abgtx_cb_tp_1_se_0,QVQLQESGGGLAQPGGSLSLSCATTRDVGSIHAMAWYRQAPGKQRELVASVTMVGGETPTYAESIKGRFTISRDAAENTVYLQMNSLKSEDTAVYYCYAAVGNWYESGYYVDDYWGQGTQVTVSS
abgtx_cb_tp_1_se_1,QVQLQESGGGLAQPGGSLSLSCATTRDVGSIHAMAWYRQAPGKQRELVASVTMVGGETPTYAESIKGRFTISRDNARNTVYLQMNSLKSEDTAVYYCYAAVGNWYESGYYVDDYWGQGTQVTVSS
abgtx_cb_tp_1_se_2,QVQLQESGGGLAQPGGSLTLSCATTRDVGSIHAMAWYRQAPGKQRELVASVTMVGGETPTYAESIKGRFTISRDNAENTVYLQMNSLKSEDTAVYYCYAAVGNWYESGYYVDDYWGQGTQVTVSS
abgtx_cb_tp_1_se_3,QVQLQESGGGLAQPGGSLSLSCATTRDVGSIHAMAWYRQAPGKQRELVASVTMVGGETPTYAESIKGRFTISRDNAENTVYLQMNSLKEEDTAVYYCYAAVGNWYESGYYVDDYWGQGTQVTVSS
abgtx_cb_tp_1_se_4,QVQLQESGGGLAQPGGSLSLSCALTRDVGSIHAMAWYRQAPGKQRELVASVTMVGGETPTYAESIKGRFTISRDNAENTVYLQMNSLKSEDTAVYYCYAAVGNWYESGYYVDDYWGQGTQVTVSS
abgtx_cb_tp_4_se_0,QVQLQESGGGLVQAGGSLTLSCATSGTFVSGVNKMGWYRQAPGKQRELVATIGFSGRTDYADSVKGRFTISKDNDKNAISLQMSSLKPEDTAVYYCYAAVGNWYTSGYYVDDYWGQGTQVTVSS
abgtx_cb_tp_4_se_1,QVQLQESGGGLVQAGGSLRLSCATSGTFVSGVEKMGWYRQAPGKQRELVATIGFSGRTDYADSVKGRFTISKDNDKNAISLQMSSLKPEDTAVYYCYAAVGNWYTSGYYVDDYWGQGTQVTVSS
abgtx_cb_tp_4_se_2,QVQLQESGGGLVQAGGSLRLSCATSGTFVSGVNKMGWYRQAPGKQRELVATIGESGRTDYADSVKGRFTISKDNDKNAISLQMSSLKPEDTAVYYCYAAVGNWYTSGYYVDDYWGQGTQVTVSS
abgtx_cb_tp_4_se_3,QVQLQESGGGLVQAGGSLRLSCATSGTFVSGVNKMGWYRQAPGKQRELVATIGFSGRTSYADSVKGRFTISKDNDKNAISLQMSSLKPEDTAVYYCYAAVGNWYTSGYYVDDYWGQGTQVTVSS
abgtx_cb_tp_4_se_4,QVQLQESGGGLVQAGGSLVLSCATSGTFVSGVNKMGWYRQAPGKQRELVATIGFSGRTDYADSVKGRFTISKDNDKNAISLQMSSLKPEDTAVYYCYAAVGNWYTSGYYVDDYWGQGTQVTVSS
abgtx_cb_tp_16_se_0,QVQLQESGGGLVQPGGSLTLSCRASGSGFRLNAMGWYRQAPGKQRELVASITRGGSTNYADSVKGRFTISRDNAENTVYLQMNSLKSEDTAVYYCYAAVGNWYESGYYVDDYWGQGTQVTVSS
abgtx_cb_tp_16_se_1,QVQLQESGGGLVQPGGSLTLSCSASGSGFRLNAMGWYRQAPGKQRELVASITRGGSTNYADSVKGRFTISRDNAENTVYLQMNSLKEEDTAVYYCYAAVGNWYESGYYVDDYWGQGTQVTVSS
abgtx_cb_tp_16_se_2,QVQLQESGGGLVQPGGSLTLSCSASGSGFRLNAMGWYRQAPGKQRELVASITRGGSTNYADSVKGRFTISRDNAKNTVYLQMNSLKSEDTAVYYCYAAVGNWYESGYYVDDYWGQGTQVTVSS
abgtx_cb_tp_16_se_3,QVQLQESGGGLVQPGGSLTLSCSASGSGFRLNAMGWYRQAPGKQRELVASITRGGSTNYADSVKGRFTISRDNAANTVYLQMNSLKSEDTAVYYCYAAVGNWYESGYYVDDYWGQGTQVTVSS
abgtx_cb_tp_16_se_4,QVQLQESGGGLVQPGGSLTLSCSASGSGFRLNAMGWYRQAPGKQRELVASITRGGSTSYADSVKGRFTISRDNAENTVYLQMNSLKSEDTAVYYCYAAVGNWYESGYYVDDYWGQGTQVTVSS
abgtx_cb_tp_0_camsol_0,QVQLQESGGGLAQAGGSLRLSCAASGDIGGLINMGWYRQPPGKQRELVALQGREGNANYTDSVKGRFTISRGNSGNTVSLQMNSLKPEDTAVYYCYATVGRWYTSGYYVDDYWGQGTQVTVSS
abgtx_cb_tp_0_camsol_1,QVQLQESGGGLAQAGGSLRLSCAASGDIGGLINMGWYRQVPGKQRELVALQGREGNANYTDSVKGRFTISRGNSGNTVYLQMNSLKPEDTAVYYCYATVGRWYTSGYYVDDYWGQGTQVTVSS
abgtx_cb_tp_0_camsol_2,QVQLQESGGGLVQAGGSLRLSCAASGDIGGLINMGWYRQVPGKQRELVALQGREGNANYTDSVKGRFTISRGNSGNTVSLQMNSLKPEDTAVYYCYATVGRWYTSGYYVDDYWGQGTQVTVSS
abgtx_cb_tp_0_camsol_3,QVQLQESGGGLAQAGGSLRLSCAASGDIGGLINMGWYRQVPGKQRELVALQGREGNANYTDSVKGRFTISRGNSGNTVSLQMNSLKPEDTAVYYCYATVGNWYTSGYYVDDYWGQGTQVTVSS
abgtx_cb_tp_1_camsol_0,QVQLQESGGGLAQPGGSLSLSCATTRDVGSIHAMAWYRQAPGKQRELVASVTMVGGETPTYAESIKGRFTISRDNAENTVYLQMNSLKPEDTAVYYCYAAVGNWYESGYYVDDYWGQGTQVTVSS
abgtx_cb_tp_1_camsol_1,QVQLQESGGGLAQPGGSLSLSCATTRDVGSIHAMAWYRQAPGKQRELVASVTMVGGETPTYAESIKGRFTISRDNAENTVYLQMNSLKSEDTAVYYCYARVGNWYESGYYVDDYWGQGTQVTVSS
abgtx_cb_tp_1_camsol_2,QVQLQESGGGLAQPGGSLRLSCATTRDVGSIHAMAWYRQAPGKQRELVASVTMVGGETPTYAESIKGRFTISRDNAENTVYLQMNSLKSEDTAVYYCYAAVGNWYESGYYVDDYWGQGTQVTVSS
abgtx_cb_tp_1_camsol_3,QVQLQESGGGLVQPGGSLRLSCATTRDVGSIHAMAWYRQAPGKQRELVARVTMVGGETPTYAESIKGRFTISRDNAENTVYLQMNSLKPEDTAVYYCYARVGNWYESGYYVDDYWGQGTQVTVSS
abgtx_cb_tp_2_camsol_0,QVQLQESGGGLVLPGGSLRLSCTASGDIASLNVMAWHRQPPGEQRELVAKMLRDNSSAYADSVKGRFTISRDNAKKTVSLQMNNLKPEDTAVYYCYADVGNWYETGYYRDDYWGQGTQVTVSS
abgtx_cb_tp_2_camsol_1,QVQLQESGGGLVLPGGSLRLSCTASGDIASLNVMAWHRQPPGEQRELVAKMLRDNSSAYADSVKGRFTISRDNAKHTVSLQMNNLKPEDTAVYYCYADVGRWYETGYYRDDYWGQGTQVTVSS
abgtx_cb_tp_2_camsol_2,QVQLQESGGGLVLPGGSLRLSCTASGDIASLNVMAWHRQPPGEERELVAKMLRDNSSAYADSVKGRFTISRDNAKHTVSLQMNNLKPEDTAVYYCYADVGNWYETGYYRDDYWGQGTQVTVSS
abgtx_cb_tp_2_camsol_3,QVQLQESGGGLVLPGGSLRLSCTASGDIASLNVMAWHRQPPGEQRELVAKMLRDNSSAYADSVKGRFTISRDNAKHTVSLQMNNLKPEDTAVYYCYADVGNWYETGYYRDDYWGQGTQVTVSS
abgtx_cb_tp_3_camsol_0,QVQLQESGGGLVLPGGSVRLSCTASGDIAGLNNMGWYRQAPGKQRELVAVQARGGNTNYTDSVKGRFTISRNNAGNTVYLQMNNLKPEDTAVYYCYARVGNWYESGYYVDDYWGQGTQVTVSS
abgtx_cb_tp_3_camsol_1,QVQLQESGGGLVLPGGSVRLSCTASGDIAGLNNMGWYRQAPGKQRELVAVQARGGNTNYTDSVKGRFTISRNNAGNTVYLQMNNLKPEDTAVYYCYATVGRWYESGYYVDDYWGQGTQVTVSS
abgtx_cb_tp_3_camsol_2,QVQLQESGGGLVLPGGSVRLSCTASGDIAGLNNMGWYRQAPGKQRELVAVQARGGNTNYTDSVKGRFTISRNNAGNTVYLQMNNLKPEDTAVYYCYATVGNWYESGYYEDDYWGQGTQVTVSS
abgtx_cb_tp_3_camsol_3,QVQLQESGGGLVLPGGSVRLSCTASGDIAGLNNMGWYRQAPGKQRELVAVQARGGNTNYTDSVKGRFTISRNNAGNTVYLQMNNLKSEDTAVYYCYATVGNWYESGYYVDDYWGQGTQVTVSS
abgtx_cb_tp_4_camsol_0,QVQLQESGGGLVQAGGSLRLSCATSGRFVSGVNKMGWYRQAPGKQRELVATIGFSGRTDYADSVKGRFTISKDNDKNAISLQMSSLKPEDTAVYYCYAAVGNWYTSGYYVDDYWGQGTQVTVSS
abgtx_cb_tp_4_camsol_1,QVQLQESGGGLVQAGGSLRLSCATSGTFLSGVNKMGWYRQAPGKQRELVATIGFSGRTDYADSVKGRFTISKDNDKNAISLQMSSLKPEDTAVYYCYAAVGNWYTSGYYVDDYWGQGTQVTVSS
abgtx_cb_tp_4_camsol_2,QVQLQESGGGLVQAGGSLRLSCATSGTFVSGVNKMGWYRQAPGKQRELVATIGFDGRTDYADSVKGRFTISKDNDKNAISLQMSSLKPEDTAVYYCYAAVGNWYTSGYYVDDYWGQGTQVTVSS
abgtx_cb_tp_4_camsol_3,QVQLQESGGGLVQAGGSLRLSCATSGRFLSGVNKMGWYRQAPGKQRELVATIRPDGRTDYADSVKGRFTISKDNDKNAISLQMSSLKPEDTAVYYCYAAVGNWYTSGYYVDDYWGQGTQVTVSS
abgtx_cb_tp_5_camsol_0,QVQLQESGGGLVQPGGSLKLSCAASGDIAGLNPMGWYRQPPGNQRELVATQGRSGDTNYTDSVKGRFTISRDNAKNTVYLQMNSLKPEDTAVYYCYAAVGNWYESGYYVDDYWGQGTQVTVSS
abgtx_cb_tp_5_camsol_1,QVQLQESGGGLVQPGGSLKLSCAASGRIAGLNNMGWYRQPPGNQRELVATQGRSGDTNYTDSVKGRFTISRDNAKNTVYLQMNSLKPEDTAVYYCYAAVGNWYESGYYVDDYWGQGTQVTVSS
abgtx_cb_tp_5_camsol_2,QVQLQESGGGLVQPGGSLKLSCAASGDIAGLNNMGWYRQPPGKQRELVATQGRSGDTNYTDSVKGRFTISRDNAKNTVYLQMNSLKPEDTAVYYCYAAVGNWYESGYYVDDYWGQGTQVTVSS
abgtx_cb_tp_5_camsol_3,QVQLQESGGGLVQPGGSLKLSCAASGDIAGLNNMGWYRQPPGNQRELVATQGRSGDTNYTDSVKGRFTISRDNAKNTVYLQMNSLKPEDTAVYYCYAAVGNWYESGYYVDDYWGQGTQVTVSS
abgtx_cb_tp_6_camsol_0,QVQLQESGGGLVQPGGSLRLDCAASGDISRINTMGWYRQAPGKQRELVAVQARGGNTNYTDSVKGRFTISRNNAGNTVYLQMNNLKSEDTAVYYCYARVGNWYTSGYYVDDYWGQGTQVTVSS
abgtx_cb_tp_6_camsol_1,QVQLQESGGGLVQPGGSLRLDCAASGDISRINTMGWYRQAPGKQRELVAVQARGGNTNYTDSVKGRFTISRNNAGNTVYLQMNNLKSEDTAVYYCYAKVGNWYTSGYYVDDYWGQGTQVTVSS
abgtx_cb_tp_6_camsol_2,QVQLQESGGGLVQPGGSLRLDCAASGDISRINTMGWYRQAPGKQRELVAVQARGGNTNYTDSVKGRFTISRNNAGNTVYLQMNNLKPEDTAVYYCYATVGNWYTSGYYVDDYWGQGTQVTVSS
abgtx_cb_tp_6_camsol_3,QVQLQESGGGLVQPGGSLRLDCAASGDISRINTMGWYRQAPGKQRELVAVQDRGGNTNYTDSVKGRFTISRNNAGNTVYLQMNNLKPEDTAVYYCYARVGRWYTSGYYEDDYWGQGTQVTVSS
abgtx_cb_tp_7_camsol_0,QVQLQESGGGLVQPGGSLRLSCAASGDIAGLNNMGWYRQAPGKQRELVAAQARGGNTNYTDSVKGRFTISRDNAENTVYLQMNSLKPEDTAVYYCYAAVGNWYESGYYVDDYLGQGTQVTVSS
abgtx_cb_tp_7_camsol_1,QVQLQESGGGLVQPGGSLRLSCAASGDIAGLNPMGWYRQAPGKQRELVAAQARGGNTNYTDSVKGRFTISRDNAENTVYLQMNSLKSEDTAVYYCYAAVGNWYESGYYVDDYLGQGTQVTVSS
abgtx_cb_tp_7_camsol_2,QVQLQESGGGLVQPGGSLRLSCAASGDIAGLNNMGWYRQAPGKQRELVAAQARGGNTNYTDSVKGRFTISRDNAENTVYLQMNSLKSEDTAVYYCYAAVGRWYESGYYVDDYLGQGTQVTVSS
abgtx_cb_tp_7_camsol_3,QVQLQESGGGLVQPGGSLRLSCAASGDIAGLNPMGWYRQAPGKQRELVAAQNRGGNTNYTDSVKGRFTISRDNAENTVYLQMNSLKPEDTAVYYCYAAVGRWYESGYYEDDYLGQGTQVTVSS
abgtx_cb_tp_8_camsol_0,QVQLQESGGGLVQPGGSLRLSCAASGDIAGLNPMGWYRQAPGKQRELVAAQARGGNTNYTDSVKGRFTISRDNAENTVYLQMNSLKPEDTAVYYCYAAVGRWYESGYYEDDYWGQGTQVTVSS
abgtx_cb_tp_8_camsol_1,QVQLQESGGGLVQPGGSLRLSCAASGDIAGLNPMGWYRQAPGKQRELVAAQARGGNTNYTDSVKGRFTISRDNAENTVYLQMNSLKPEDTAVYYCYAAVGRWYESGYYRDDYWGQGTQVTVSS
abgtx_cb_tp_8_camsol_2,QVQLQESGGGLVQPGGSLRLSCAASGDIAGLNPMGWYRQAPGKQRELVAAQNRGGNTNYTDSVKGRFTISRDNAENTVYLQMNSLKPEDTAVYYCYAAVGRWYESGYYVDDYWGQGTQVTVSS
abgtx_cb_tp_8_camsol_3,QVQLQESGGGLVQPGGSLRLSCAASGDIAGLNNMGWYRQAPGKQRELVAAQARGGNTNYTDSVKGRFTISRDNAENTVYLQMNSLKPEDTAVYYCYAAVGRWYESGYYVDDYWGQGTQVTVSS
abgtx_cb_tp_9_camsol_0,QVQLQESGGGLVQPGGSLRLSCAASGDIGGLKQMGWYRQAPGKQRELVAVKRNENEANYTESVKGRFTISRDNARKMVYLQMNSLKPEDTAVYYCNAVVGNWYETGYYVDDYWGQGTQVTVSS
abgtx_cb_tp_9_camsol_1,QVQLQESGGGLVQPGGSLRLSCAASGDIGGLKQMGWYRQAPGHQRELVAVKRNENEANYTESVKGRFTISRDNARKMVYLQMNSLKPEDTAVYYCNAVVGNWYETGYYRDDYWGQGTQVTVSS
abgtx_cb_tp_9_camsol_2,QVQLQESGGGLVQPGGSLRLSCAASGDIGGLKQMGWYRQAPGHQRELVAVKRNEDEANYTESVKGRFTISRDNARKMVYLQMNSLKPEDTAVYYCNAVVGNWYETGYYVDDYWGQGTQVTVSS
abgtx_cb_tp_9_camsol_3,QVQLQESGGGLVQPGGSLRLSCAASGDIGGLKQMGWYRQAPGKERELVAVKRNEDEANYTESVKGRFTISRDNARKMVYLQMNSLKPEDTAVYYCNAVVGRWYETGYYRDDYWGQGTQVTVSS
abgtx_cb_tp_10_camsol_0,QVQLQESGGGLVQPGGSLRLSCAASGDIGGLKQMGWYRQAPGKQRELVAVKRNENEANYTESVKGRFTISRDNARKMVYLQMNSLKPEDTAVYYCNAVVGRWYTSGYYEDRYWGQGTQVTVSS
abgtx_cb_tp_10_camsol_1,QVQLQESGGGLVQPGGSLRLSCAASGDIGGLKQMGWYRQAPGKQRELVAVKRNENEANYTESVKGRFTISRDNARKMVYLQMNSLKPEDTAVYYCNAVVGRWYTSGYYEDEYWGQGTQVTVSS
abgtx_cb_tp_10_camsol_2,QVQLQESGGGLVQPGGSLRLSCAASGDIGGLKQMGWYRQAPGKERELVAVKRNENEANYTESVKGRFTISRDNARKMVYLQMNSLKPEDTAVYYCNAVVGRWYTSGYYEDTYWGQGTQVTVSS
abgtx_cb_tp_10_camsol_3,QVQLQESGGGLVQPGGSLRLSCAASGDIGGLKQMGWYRQAPGHQRELVAVKRNENEANYTESVKGRFTISRDNARKMVYLQMNSLKPEDTAVYYCNAVVGRWYTSGYYEDTYWGQGTQVTVSS
abgtx_cb_tp_11_camsol_0,QVQLQESGGGLVQPGGSLRLSCAASGDISGLNKMGWYRQAPGKQRELVAAQARGGVANYTDSVKGRFTISRDNAENTVYLQMNSLKPEDTAVYYCYADVGNWYETGYYVDDYWGQGTQVTVSS
abgtx_cb_tp_11_camsol_1,QVQLQESGGGLVQPGGSLRLSCAASGDISGLNKMGWYRQAPGKQRELVAAQARGGVANYTDSVKGRFTISRGNAENTVYLQMNSLKPEDTAVYYCYADVGRWYETGYYVDDYWGQGTQVTVSS
abgtx_cb_tp_11_camsol_2,QVQLQESGGGLVQPGGSLRLSCAASGDISGLNKMGWYRQAPGKQRELVAAQARGGVPNYTDSVKGRFTISRGNAENTVYLQMNSLKPEDTAVYYCYADVGNWYETGYYVDDYWGQGTQVTVSS
abgtx_cb_tp_11_camsol_3,QVQLQESGGGLVQPGGSLRLSCAASGDISGLNKMGWYRQAPGKQRELVAAQRRGGVPNYTDSVKGRFTISRDNAENTVYLQMNSLKPEDTAVYYCYADVGRWYETGYYRDDYWGQGTQVTVSS
abgtx_cb_tp_12_camsol_0,QVQLQESGGGLVQPGGSLRLSCAASGDISGLNTMGWYRQALGKQREMVAVQGRGGNTNYTDSVKGRFTISRANAGNTVHLQMNSLKPEDTAVYYCYADVGRWYTSGYYVDEYWGQGTQVTVSS
abgtx_cb_tp_12_camsol_1,QVQLQESGGGLVQPGGSLRLSCAASGDISGLNTMGWYRQAPGKQREMVAVQGRGGNTNYTDSVKGRFTISRANAGNTVHLQMNSLKPEDTAVYYCYADVGNWYTSGYYVDEYWGQGTQVTVSS
abgtx_cb_tp_12_camsol_2,QVQLQESGGGLVQPGGSLRLSCAASGDISGLNTMGWYRQALGKQREMVAVQGRGGNTNYTDSVKGRFTISRANAGNTVYLQMNSLKPEDTAVYYCYADVGNWYTSGYYVDEYWGQGTQVTVSS
abgtx_cb_tp_12_camsol_3,QVQLQESGGGLVQPGGSLRLSCAASGDISGLNTMGWYRQAPGKQREMVAVQGRGGNTNYTDSVKGRFTISRDNAGNTVYLQMNSLKPEDTAVYYCYADVGRWYTSGYYEDEYWGQGTQVTVSS
abgtx_cb_tp_13_camsol_0,QVQLQESGGGLVQPGGSLRLSCTASGDIGSSIEMGWYRQAPGKQRELVANITRGGRANYADSVKGRFAISRGNGENTVYLQMNSLKPEDTAVYFCLARRGAWYTSGYYEDDFWGQGTQVTVSS
abgtx_cb_tp_13_camsol_1,QVQLQESGGGLVQPGGSLRLSCTASGDIGSSIEMGWYRQAPGKERELVANITRGGRANYADSVKGRFAISRGNGENTVHLQMNSLKPEDTAVYFCLARRGAWYTSGYYEDDFWGQGTQVTVSS
abgtx_cb_tp_13_camsol_2,QVQLQESGGGLVQPGGSLRLSCTASGDIGSSIEMGWYRQAPGKQRELVANITRGGRANYADSVKGRFAISRGNGENTVHLQMNSLKPEDTAVYFCLARRGRWYTSGYYEDDFWGQGTQVTVSS
abgtx_cb_tp_13_camsol_3,QVQLQESGGGLVQPGGSLRLSCTASGDIGSSIEMGWYRQAPGKQRELVANITRGGGANYADSVKGRFAVSRGNGENTVHLQMNSLKPEDTAVYFCLARRGAWYTSGYYEDDFWGQGTQVTVSS
abgtx_cb_tp_14_camsol_0,QVQLQESGGGLVQPGGSLRLSCATTRDHGSIHAMAWYRQAPGKERELVARVTMDGGETPTYAESIKGRFTISKDNDKNAISLQMSSLKPEDTAVYYCYARVGNWYTSGYYEDDYWGQGTQVTVSS
abgtx_cb_tp_14_camsol_1,QVQLQESGGGLVQPGGSLRLSCATTRDHGSIHAMAWYRQAPGKERELVASVTMDGGETPYYAESIKGRFTISKDNDKNAISLQMSSLKPEDTAVYYCYARVGNWYTSGYYEDDYWGQGTQVTVSS
abgtx_cb_tp_14_camsol_2,QVQLQESGGGLVQPGGSLRLSCATTRDHGSIHAMAWYRQAPGKERELVARVTMDGGETPTYAESIKGRFTISKDNDKNAISLQMSSLKPEDTAVYYCYARVGNWYTSGYYRDDYWGQGTQVTVSS
abgtx_cb_tp_14_camsol_3,QVQLQESGGGLVQPGGSLRLSCATTRDHGSIHAMAWYRQAPGKQRELVARVTMVGGETPTYAESIKGRFTISKDNDKNAISLQMSSLKPEDTAVYYCYARVGNWYTSGYYEDDYWGQGTQVTVSS
abgtx_cb_tp_15_camsol_0,QVQLQESGGGLVQPGGSLTLSCAASGDIAGLRDMGWYYQAPGKQRELVAAQDRDGNTNYTDPVKGRFTISRDNAKNTVYLQMNSLKPEDTAVYYCYANVGNWYTSGYYVDDYWGQGTQVTVSS
abgtx_cb_tp_15_camsol_1,QVQLQESGGGLVQPGGSLTLSCAASGDIAGLRDMGWYYQAPGKQRELVAAQDRDGNTNYTDPVKGRFTISRDNAKNTVYLQMNSLKSEDTAVYYCYANVGRWYTSGYYVDDYWGQGTQVTVSS
abgtx_cb_tp_15_camsol_2,QVQLQESGGGLVQPGGSLRLSCAASGDIAGLRDMGWYYQAPGKQRELVAAQDRDGNTNYTDPVKGRFTISRDNAKNTVYLQMNSLKSEDTAVYYCYANVGNWYTSGYYVDDYWGQGTQVTVSS
abgtx_cb_tp_15_camsol_3,QVQLQESGGGLVQPGGSLRLSCAASGDIAGLRDMGWYYQAPGKERELVAAQDRDGNTNYTDPVKGRFTISRDNAKNTVYLQMNSLKPEDTAVYYCYANVGRWYTSGYYRDDYWGQGTQVTVSS
abgtx_cb_tp_16_camsol_0,QVQLQESGGGLVQPGGSLRLSCSASGSGFRLNAMGWYRQAPGKQRELVASITRGGSTNYADSVKGRFTISRDNAENTVYLQMNSLKPEDTAVYYCYARVGNWYESGYYEDDYWGQGTQVTVSS
abgtx_cb_tp_16_camsol_1,QVQLQESGGGLVQPGGSLRLSCSASGSGFRLNAMGWYRQAPGKQRELVASISRGGSTNYADSVKGRFTISRDNAENTVYLQMNSLKPEDTAVYYCYARVGNWYESGYYVDDYWGQGTQVTVSS
abgtx_cb_tp_16_camsol_2,QVQLQESGGGLVQPGGSLRLSCSASGSGFRLNAMGWYRQAPGKQRELVASISRGGSTNYADSVKGRFTISRDNAENTVYLQMNSLKPEDTAVYYCYAKVGNWYESGYYVDDYWGQGTQVTVSS
abgtx_cb_tp_16_camsol_3,QVQLQESGGGLVQPGGSLTLSCSASGSGFRLNAMGWYRQAPGKQRELVASITRGGSTNYADSVKGRFTISRDNAENTVYLQMNSLKSEDTAVYYCYARVGNWYESGYYVDDYWGQGTQVTVSS
abgtx_cb_tp_17_camsol_0,QVQLQESGGGLVQPGGSVRLSCTASGDIAGLNNMGWYRQAPGKQRELVAVQARGGNTNYTDSVKGRFTISRNNAGNTVYLQMDNLKSEDTAVYYCYATVGNWYTSGYYVDDFWGQGTQVTVSS
abgtx_cb_tp_17_camsol_1,QVQLQESGGGLVQPGGSVSLSCTASGDIAGLNNMGWYRQAPGKQRELVAVQARGGNTNYTDSVKGRFTISRNNAGNTVYLQMDNLKPEDTAVYYCYATVGNWYTSGYYVDDFWGQGTQVTVSS
abgtx_cb_tp_17_camsol_2,QVQLQESGGGLVQPGGSVKLSCTASGDIAGLNNMGWYRQAPGKQRELVAVQARGGNTNYTDSVKGRFTISRNNAGNTVYLQMDNLKSEDTAVYYCYATVGNWYTSGYYVDDFWGQGTQVTVSS
abgtx_cb_tp_17_camsol_3,QVQLQESGGGLVQPGGSVRLSCTASGDIAGLNNMGWYRQAPGKQRELVAVQDRGGNTNYTDSVKGRFTISRNNAGNTVYLQMDNLKPEDTAVYYCYATVGRWYTSGYYEDDFWGQGTQVTVSS
abgtx_cb_tp_18_camsol_0,QVQLQESGGGSVQAGGSLRLSCVASGSIDTIDTMGWYRQPPGEQRELVATISNGGSTNYADSVKGRFTISKGNAKNTVYLQMNNLNPEDTAVYYCYTKTSAWYVTGKYEDDYWGQGTQVTVSS
abgtx_cb_tp_18_camsol_1,QVQLQESGGGSVQAGGSLRLSCVASGSIDTIDTMGWYRQPPGEQRELVATISNGGSTNYAASVKGRFTISKGNAKNTVYLQMNNLNPEDTAVYYCYTKTSGWYVTGKYEDDYWGQGTQVTVSS
abgtx_cb_tp_18_camsol_2,QVQLQESGGGSVQAGGSLRLSCVASGSIDTIDTMGWYRQPPGEQRELVATISRGGSTNYAASVKGRFTISKGNAKNTVYLQMNNLNPEDTAVYYCYTKTSAWYVTGKYEDDYWGQGTQVTVSS
abgtx_cb_tp_18_camsol_3,QVQLQESGGGSVQAGGSLRLSCVASGSIDTIDTMGWYRQPPGEQRELVATISNGGSTNYAASVKGRFTVSKGNAKNTVYLQMNNLNPEDTAVYYCYTKTSAWYVTGKYEDDYWGQGTQVTVSS
aMBP1,QVQLVESGGGSVQAGGSLRLSCVASGDIKYISYLGWFRQAPGKEREGVAALYTSTGRTYYADSVKGRFTVSLDNAKNTVYLQMNSLKPEDTALYYCAAAEWGSQSPLTQWFYRYWGQGTQVTVSA
aMBP3,QVQLVESGGGSVQAGGSLRLSCAASGKIHEIGYLGWFRQAPGKEREGVAALMTFQGQTYYADSVKGRFTVSLDNAKNTVYLQMNSLKPEDTALYYCAAAYWGKQSPLISWDYSYWGQGTQVTVSA