1,ACATAAGCGATCCCAAGGTC
2,AAACCGGAGCCATACAGTAC
3,AAAGCACTCTTAGGCCTCTG
4,AAAGGGGCCGTCAATATCAG
5,AAATAAGACGACGACCCTCG
6,AACGATGATGCTCACTCTCG
11,AAGAATTACTGACCCCTCGG
12,AAGACGATCCGAGCCATTAC
13,AAGGAACTATGGCATCGAGC
14,AAGGACTGCATACCAGGTTG
15,AAGGATATGTAGACACCGCC
16,AAGGCCCAGAAGGATACAAC
17,AAGGCGCTCGGATAATACTC
18,AAGGTATGTATAGCGACCGC
20,AATAGGAACCTCTTACGCGG
21,AATATCACGCAAAAGCACCG
22,AATCAGTTTCTTTGGCAGCC
23,AATGCAAAGCTATTAGCGCG
24,AATGCGTCATTTTACACGGC
25,AATGTCCTTAGGCAGTCGTC
26,ACAACGAGCAGACCGAATAG
27,ACAAGGAGTCGGCATATCAC
28,ACAGAACGAACAGGCACTAC
29,ACAGGAAGCAAGGTATACGC
30,ACAGGGTATATTGAGTGCCC
31,AAACACGTGGCAAACATTCC
32,ACATCGCATACCAGAACAGG
33,ACATTAAATTTCGCCGTGGC
34,ACTGGACCCAATAAAAGGCC
35,ACCCGTATCGCATAAGGATG
36,ACGAGATGATGCACCGATAG
37,ACGATGGGGACATAGAACAC
38,ACGGAGCCCTTATTGTAACC
39,ACGTATGGGGAACACTACAC
40,ACGTGAAACTGTATCGAGCC
41,ACGTTCAGTTTTCCAATGGC
42,ATCACAACAAAGGACGGGTC
43,ACCACAGGTCAAGATTCACG
44,ACTTCGATTGGCAAGGACTG
45,CTATAGAATCCGGGCTGGTC
46,AGACAACAATCTGAGGCTGG
47,AGACAAGCCTTAACCGTAGG
48,AGACACAAGGCTGATTCCAG
49,AGACATGGGATTGACCACAC
50,AGAGAGGCATGATTGACCTC
51,AGAGTTGCACCTAGAATCCG
52,AGATAGATGCTCCGTCAAGC
53,AGATAGTCACGCACAAGACC
54,AGATTAGCCGACTTTCCTGG
55,AGATTAGCTGCCGATACTGG
56,AGATTGTTACTCCGACGGAC
57,AGATTTCCGACGAGATTCCC
58,AGCATCCGTCTAAATCTCGG
59,AGCTATAAGAATTGCCGGGC
60,AGCTATGATCCCGGTGTAAC
61,AGCTCAATCTAACAGTGGGG
62,AGGACACCAGACCAATGAAG
63,AGGGCTAATTACCATCAGCG
64,AGGTGATCTGACGAATGTCC
65,AGTAAAGCATAGTGCCCAGC
67,AGTAGTATCCGAATCGCTGC
68,AGTATCTCAGCAAGGGCAAC
69,AGTATTAGGCGTCAAGGTCC
70,AGTATTCTTACAGCCAGCCG
71,AGTATTGCCGGACTAAACCC
73,AGTCCCAAGTTCAGACGTAC
74,AGTCCGACACAATGTGACAC
75,AGTGAACTGACCGAATCCTC
77,AGTGGTCTGTAAACCGTACC
78,AGTGTTTTCCATTTTCCGCG
79,AGTTATAAGGGTCCGATGCC
80,AGTTGCAGTATCTAACCCGC
81,AGTTGTAATATCACCCGCGC
83,ATACGTGGCTAGCATGAGAC
84,ATACTGTAAGAACCACGCGG
85,ATAGATCATGTCGGCAGTCG
86,ATAGATGGTGCCTACATGCG
88,ACTAGATTAGCAAGGCACCC
89,ATCAGACAACACAGAGGCTG
90,ATCCAGGAGGTCTAGGAACC
91,ATCCTAGAAAAGGCGAAGGC
92,ATGCCATGACGACAACTAGC
93,ATGCTAGCTGGAACTATCGG
94,ATTAGGATTGCGAGCGACAC
95,ATTAGTACACTCCGTGAGCG
96,ATTCAAGGGTTGGACGACTC
97,ATTCTCACGACGCAAGATGG
98,ATTGACGGGAACTACACTCG
100,CAGACCTACGGATCTTAGCG
101,CCACGAGATAAGAGGATGGC
102,CCAGAGCTTAGGGGACATAC
103,CCCGAGGGGAGAAATATACC
104,CCGAGGGAACCATGATACAG
105,CCGGGAGGAAGATATAGCAC
107,CCGTGCGACAAGATTTCAAG
108,CCTTTAACAGGACATGCAGC
109,CGAACGCAAAAGTCCTCAAG
110,CGATAGAACGACCAGGTAGC
111,CGGATCGAACTTAGGTAGCC
112,CGGGAGGAAGTCTTTAGACC
113,CTAATATCCCTGAGCGACGG
115,CTAGGGAACCAGGCTTAACG
116,CTAGGGGATGGTCCAATACG
117,GACCATGCAAGGAGAGGTAC
119,CTGCTAGGGGCTACTTATCG
120,GAAAAGTCCCAATGAGTGCC
121,GAAGTGGTTTGCCTAAACGC
122,AGAACATAGCATTCACGGGG
123,GATACATAGACTTGGCCCCG
124,GCACGCAAAAGGACATAACC
125,GCAGCGTTTTAGCCTACAAG
126,GCATAAAGTTGACAGGCCAG
127,GCTAAATAGAGGGAAGCCCC
128,GGAAAACTAAGACAAGGCGC
129,GGAAACAATAACCATCGGCG
130,GGGCACCGATTAAGAAATGC
131,GGGTTGTCTCCTCTGATAGC
132,GTACTCAGAGATTGCCGGAG
133,GTATAAGATCAGCCGGACCC
134,GTATGTCGGCTCTCGTATCG
135,GTTCAGAGGTACGAACCCTC
136,GTTGCATCTAAGCCAAGTGC
137,TAAAGAGAGGGCGTCCAATC
139,TAACGACGTGCCGAACTTAG
140,TAAGATAGCACCACGGATGG
141,TAAGGATTCATCAGGTGCGC
142,TAAGGGACGATGCTTAACCC
144,TACCACGAAATGCACAGGAG
145,TACTGATAATTCGGACGCCC
146,TACTTGAATACCACGTGGCC
147,TAGCCAGGCAAAAGAGATCC
148,TAGCTCGATAATCAAGGGGC
149,TAGTGACCTAATGCCATGGG
150,TAGTTGAGAACACGAACCCG
151,TATAACAGGCTGCTGAGACC
152,TATACTGAAGAACGGCCCAG
153,TATCAATCCGGAACCAGTGC
154,TATCACGGAAGGACTCAACG
156,TCAAAGGAGCACGAACCTAC
157,TCAAGGTCCGTTATGGAACC
158,TCACATAGAAGGACATGGCG
159,TCACTTGGTATCGAGAACGG
160,TCAGCCTTTCATTGATTGCG
162,TCATCGACAAGATACAGGCG
163,TCCAATTATACGGAGCAGGC
164,TCGAATATGCTGTAACCCCG
165,TCGACCAGGTTATCATGAGC
166,TCGAGACAAGAACGATTCCC
167,TCTAGGACTATCACCGGAGG
169,TCTTCATAAGCCAGAGTGCC
170,TCTTGCGATAGACACAAGCC
171,TGAGCCATAAAAGCAAAGCG
172,TGAGCGCAGAACTATCAGAC
173,TGCATAGTATCCCAACAGGG
174,TGCCAAAGGGTAGAGACATC
175,TGCTGAATGAGAAACCTCGG
177,TGGGGACGACTTATAATGCC
178,TGTGGACCCTATCAAACGAG
180,TTAGCTCAGGTCCAAAGTCC
181,TTAGTAGGCAAGCATACCCG
183,TTCGGGAGCGGATTATACAC
184,TTCTGGGACTGGATAACACG
185,TTGACAGACAATCCGTAGGC