dTF001_196_2,MKLKYTDKDGTTKVIELPKEVKPGEKLKFEREVKRLYEDYGGLVTVKVTITVEKKEDGTYTITIEVDGVKEKLEATEL
dTF001_201_3,ATKTVSIEDADGTTTTLTVNYDAATKKGSTVTRTENYLKDDTAETVTVTLTFTKNADGTWTLTQTVDGATATLAATEV
dTF001_201_5,TTVTVALTDADGTTTTLTTTYDPATNLGSAVTRDRYYQKGDEGKKLTETLTFRRAPDGTWTLTAEIDGATATSAATEV
dTF001_251_5,MKIDVSLERVDGSTETYTITVDAGETKTETVTRYELYEGENGPEDVTYTVTYTLSEDGTITKTVTYNGKTATFELTLV
dTF001_251_6,MKIKVSLQRVDGSTEYFEVEINPGETVKKKVTRYELYEGETGPAWITYDYTFELKEDGSITLTVEYNGKKAKFELKEV
dTF001_285_2,ATITISVTDADGTTRTLTVEVNAGETKTTTVTLPYYVLRNGEVRPDTVNVEIKLNADGTVTVTEIYEGVTKTSTATYV
dTF001_329_2,ATYQLTENSAEDRTYTVTATVDATKTVTVTQTIEEYAYRDGEARKVTYTITLTINPDGTVTATLTYEGQTKSLSVSAV
dTF001_475_3,TTKTVTITDADGDTTTVTLEVKPDETATKTSTVTENVLRDGVGQQVTVTNTYSLNPDGTVTKTSTVDGETATSTYPAA
dTF001_485_1,ATVSVSYTRTDGTTDTWTLTYAAGAAATQTSTYTEYYEKDGKGEKVTVTRTVTLSTSGTATLTETVDGETHTSSLTKL
dTF001_485_6,ATVTVSYERVDGSVLTFTLTYEAGKEATQTSTYTELYEKDGKGETVTVTLTVTLKTDGTVTLTEEVDGEKHTAELKYV
dTF001_71_2,ATKTLKVKLGPGEEVTITADIAVGQTVTQTRKEWYQPEDGAPPEEVTYTYSVTKNADGTYTVTVTVDGQTVTATATEV
dTF001_71_3,ALHTLSVTIGPGEVITITAEIAVGETVTQTFDEWYQPEDGSPGEKVTVTVSVTLNADGTFTVTLTVDTQTQTATATEV
dTF001_79_1,MKLKVTEKGAEDREYEVEVEFDPEKDDVVEVTVKDTLLYEDGTVVTEIKITLEKKKDGTLKAKLEIDGDVVDVEVEEL
dTF002_118_0,MTVKVTLPSGRVLTFELPEELEAGETYTLEETVWRLTKDGKELVEEKVTYTISKNEDGTITLTIEVDGETKTLAAEEL
dTF002_118_4,MTYQVTLPSGRVLTFTLPKELKAGETYTLTEKVWRLDKSGEFLEEVEVTYTISKNEDGTITVTIEADGETHTLAATEL
dTF002_137_1,TTKTYSYTEEDGTVVTMTVELTEGETSTATLTKTVWRLVDGELVEEEVTYTLTVNTDGSVTVTITVDGDTATGTGTEL
dTF002_15_0,MTITLLLKGDTDTTITLEAEIEAGEKKEIEVTLPTYYETPDEIVPKKLKVTLEKKEDGTITAKVTDVETKETVEAEVL
dTF002_15_3,MKITLQLKGDTDITITLDVDIKPGETVTVNVTLPSYYERPTEVVPRDLTVTLTLNPDGTITATVTDVETKETVNATVL
dTF002_211_5,STVTLKIDLSESTTLTLTVDIDAGETVEKEVDLGVYVLEDGELRPYKLKVTITKNEDGTITATVTYDGDTKEFDATEL
dTF002_213_0,TVTTLSYTEPSGEELVFEAEIKPGETLTFTKTLSSYVLEDGLLYPKVLTLTLTKNADGSYTLTMTYRGSTHTAEAKEL
dTF002_227_6,STLTITIEFEGDLTVTVTVDLEAGETATKTVTLPVYYEEDGVMRPVVLTITVTLNEDGTLNITIELDGDKYTLTKKLP
dTF002_256_7,MKVKVVLKDKSGRELTFEVELEKGKEVRLRVRLPSYYERDGVLEPVVLEITVRELESGEILATVTHAGETVELKAEKL
dTF002_262_2,MKLTVSYTDPSGRVVTFEVDIEVGETATVTRTVWYLDEETGELVRRTVTATITLNADGKITITLTVDGDTATMEGTEL
dTF002_270_1,ATKTLVLTYKGREQYKATVTVEEGKTSTKTATEKKWVLKDGVLEEVTVKYTVTVTPDGTATITIEADGETYTAKATEV
dTF002_270_7,MEITVEVTYKGRVIYKATLKVEEGKTSVKKETKKVWRLVDGELVEETVNYTVTVTPSGEAEVTIEVDGEVKKAKAKKV
dTF002_274_5,MKYKITLPSGREVVSEKEVEVDPNKTTTYVEKRTVWREEDGVMVEVEVTYTFTVNTDGTVTATIEVDGETKTLAAEEL
dTF002_313_2,ATVKIVFEEDGKKPITFTVDVAVGETVKETVKLPSYYEVDGELEPVVIDLTVVANADGSVTATATHKGVTHTATGTEL
dTF002_321_3,MRLALQLGEETGETLVLDADLAPGETVRRRLRLPTYILEDGLLVPYDLDVTLERLADGRVRATLTYDGDTHRQEATEL
dTF002_330_3,MERELVIRFPGHAPLRVRVELSPEPGAVAEKELKVWRLRDGVLEEVTLRVRVERLEDGRYRATLEEEGVTREAEAEEL
dTF002_354_1,ATVQVDLTDKAGNVRTITVDVAAGATVTKTVTFPTYVLEDGLLRPDTVDLTVTLAADGTVTATITAGGTTVTLAGTLL
dTF002_355_6,MTVKVTLEDKSGEKRVFTVELEAGETREETVDLPTYVLEDGVLRPYTLTITYTLAEDGTATATVTYDGATLTLEAERL
dTF002_356_6,AKYKGVIKDKSGNVTTFVWEADPSKDTTFTETRKVWRLIDGELVEETVTYTFTVKKDGTATLTVTASGDTYTAKVEKL
dTF002_356_7,MTLQAVITYKSGEVKTFTFEVDASEDTTITVTETVWRLENGELVEETVTYTFTHKKDGTATFTVTASGSTHTGTVTEL
dTF002_362_4,MRLRVVYTFGDGTELVIEAELEPGETLRLTLEMPFYVEVDGLLERLVLEVTLTLHEDGRATATLTYRGDRHELAAEEL
dTF002_365_1,MEVELVIRAETDLRVRVELTEDPKGDASGVVRRTRWVLENGELRRVEETLEVTRLADGRIRVRLTAEGEVRELEAEEV
dTF002_376_1,ATVTLTVTLGNTTVTVEVPELKAGESYTKTVTLPSYVLEDGLLEPLVLEFTFKRNADGTLVITVKYKDDTHTFTRAAP
dTF002_376_7,KEVTYTIELGNTTIEVTVPELKPGETAEKEVRLPNYILEDGLLEPLVLRITLKRNEDGTLEITVTYKDDTYKRTEAAP
dTF002_384_0,PRLTLRIDLGPSRTLTLEVELEEGEVVERELELGTYVLEDGLLRPVRVRLTFELLPDGRVLVTIEYDGDRHEAEAEVL
dTF002_416_4,ATVTLTVELGGAKTLTFTVDLAAAAGAVATATHTLWRLEDGELVEVTVTLTFTRQADGTYVVTLEADGETKTLTATEL
dTF002_416_6,PTVTLRVELGGSRTLEVTVELAPEAGAVAEAELTLWRLEDGELVEVRVRLTFTRLADGRYVVRLEADGEEHELEATEL
dTF002_428_2,MQIKIVLKGDHDITITIDTDLKPGETVTKTVSLPVYVLEDGELRPYDLTVTLTLNADGTITATVTYDGSTYTATATEL
dTF002_440_2,MKEYLLYTDKSGRKVTMTVEVAPGEAATAVKEEKIWRERDGVLEELTVTYTLTVAPDGTVTATLEVEGDTVTLEAEEL
dTF002_466_6,MTKEVEVELSPVTKLTVTVEVEEGKTSTKVLEKKFWYETEGVLEERTVTITVTISEDGKVTVTVTVDGETKTMEGKLL
dTF002_475_6,MTITVTVEKDGGEAITVTAELEVGETATVKKKLWYLSLDGKTLEELTVTYTLTLNADGTVEVTVELDGETKKMTLPLK
dTF002_72_3,MTVKIVLKGDTDITLTLDVDIKVGETVKKTVTLPFYIEKDGVLEQYVLDVTLTKNADGSLKATITHEGDTYEVDATEL
dTF003_148_5,ARLRLTLKGAVDQEFVVDADLAVGETTVVTIQVDELYEGSGELQTLEVTVTITQHADGTLTAQLEVEGQVAEAEVELL
dTF003_195_5,PTYTFRYNGEVTETFTVELDADPSEALTVKETLERWYEGPTTVTKVELELTVTQNADGTVEATLKDVETGEEVKLELV
dTF003_197_6,STATVSLTEESGEVLTFTVDVTAGKTSTATEKRTRVYETADGVTELEVTYTVTLSTDGTVTVTEEVDGEKHTSAGTLL
dTF003_199_4,ATIQVTLPGEEDITLTYEADLDPDKDNTFTFEEDLYYDRGSKVTKVKVTVTIEVKKDGTITATVEVDGEKLTLDATLL
dTF003_299_7,MKITLEITDEDGTVLKLTLEVEEGKDNVFKFKRKVAYNGGDKVEVVEETITITIKKDGTITVTREIDGETKEVEVKVL
dTF003_331_0,EKVEIEYEGTVTETYTLELKEDTPEKKVYEAKVERVYSTSEGVERVTETLTAELNEDGKAKVTAEIDGDKKEFEAKVL
dTF003_358_5,PTTRILLKGAEDETIELPEALKPGETLDLDLPIVRYYVEDGKLVEYVLKASFRLNEDGTVEITLTLDGETRRLTGKLL
dTF003_366_7,EKLKVKLEGTVDEEIEVELVKKENGVDYYEAEITAVYSTGKGVETLKIKVTVTIYEDGSIVAKLEIDGDEKTLKAELV
dTF003_377_6,MTVKVVLKGEQDVELTFEVDVTPGEDNVHTFTRTRLYEKGSQATEVTETVTITVKKDGSMTATVTVDGHTVTAKVTEL
dTF003_392_2,ETVEVEVEYADGEVETYKVEAEPGKTSEKVVKKKVAYETGDEVKELEKTVTITVKPDGSVKLVEKVDGEEVERELEAK
dTF003_417_1,ATVTVSVTDESGEVVTYTVEVTEGEDTTVTLTENRVYVIDGKLVTVTVTVTIKHAKDGTVTVTETVDGHTVTSEATEL
dTF003_422_2,MRLRITLADGTEVEIEVPRELEPGETLELEAELPLVYVEDGKLVKLKARLTLSRAADGRITVTIEVDGATHEAEATEV
dTF003_435_4,MKLQAKLPDPEGTTLTLELDLEPGEERRFTKELPFMYEEDGKPVKMTVEVVVSKEEDGKVRLKITYKGKTLELEMEEL
dTF003_441_0,ATYKVTEPGPVEETYTVEVTVEEGKTSTAEKTVDKYYEIGSGVEKVTVKITVTVSPDGKVTATAEIDGETKDLDVEEL
dTF003_441_1,ATYRLTEPGPVEEVITVDVTETAGATSTATVKVTKYYEIGSGVEKVEVTYTLTVAPDGTVTGTAEIDGDTRALDVERL
dTF003_443_0,MKKTLLIKGTVDEEIEVEVKEEPGKESVVKLEKTAYYSSNGKFEKVTIELTITLYPDGSVKLIENYKGEERELEVELL
dTF003_44_2,EEVTVELTDASGEVTTLTVSLSASAGEVATKQLTRYYVIDGKMVEETVTLTFGALVDGKVEVTRELDGHTHKETVAAK
dTF003_452_4,ATLQVTVKADVDTTYTFDIDLTPGQTNTATGTITETVEEDGELKTATITLTVTVNTDGTVTATLTYDGATVTADATEL
dTF003_456_1,MTVTLSLTEEDGEEVTITVDVKEGENNVVEVELKRYYVEDGELKEITLKGTVTINTDGSATLVIEDKGKKVVKELKRL
dTF003_456_2,MKVTLKLTREDGEVEEFEVEVKEGEDTVKEVKIERYYVEDGELKKITLTAKITITTDGKATLEIEYKGKKVVKDLTRV
dTF003_481_2,ERLTLAVTQEDGTVEEFTVELDLAAGESATLEVKRVYESGDEVKMETVTLTFRRLPDGRFVVTEELDGETRELEAEEL
dTF003_495_5,MKYKVTIKGAEEEVIEVEVEVKKDEAATKTLEKTVYYETDGEVKEFTVTLTLTVNPDGSATLTLELDGEKRTYKAEKV
dTF003_58_2,EELTLSVTLASGEVETYTVNLDPAAVSTATLTETETYVEDGELKLVTVTVTVTRNADGSYVVTKEVDGETATAPATVL
dTF003_59_7,MRLRLTLDGVEPLTLDVDVDLKPGETETRTVTLPATYVIDGKLEPLTVTLVVTRNADGSYTAELLDEGKTVALAVSEV
dTF003_74_6,MEKTVKITGSEDITFKVTFKEVDGKVEDATVKRVETYVEDGKLVLVEVTYTFSEKEDGKIIVTQEVDGEKVTQEAEEL
dTF003_75_2,TKISYTDPSGEEVVIELAEELDLSKEDTATTTIERVYVIDGKLVTETVTVTVTVSKSGKITLTLTFEGHSVTLEAKLL
dTF003_84_5,ATYQYTLPGPEPETITVELTVDAAEDSTKTETRTATYSTSKGVETVTETYTLTVSTSGEATVTVEVDGHTLTGKATEL
dTF003_84_7,ATYKAVLPGPEEVVIEAEIEVDPDKDSTKVLKEKFVYSTSKGVETVTATYTFKVETSGKATLTVEVDGHSLKMEAEKV
dTF003_85_7,MRVELTDPAGEVTTYELPDSARPGDVLELTREVTYLMPDKPTATMLTEKVTLTLNADGTVRAVRELDGHRAEATARAL
dTF003_86_4,MKIKITIKGAETEELIIEVDLEVGEKKELEISLPLYYVEDGKLVQLKAKATIEKVSEETVKITIEVKGKKVELEGKVL
dTF003_89_1,ATKTLLLKGTEDRTYTVEIEEKPGEPSTATIETTSTYIEDGELKKVTETVTFTIYPDGKVTATIEIDGEKKTLEVELL
dTF003_89_7,MEVTLLIKGTVDRTLKVELELKEGKDSVAELELVTTYIEDGELKKVTEKVTITIKPDGSVTATIEIDGETRELEAELL
dTF004_135_1,ATYSITLEGPEPLTITVDATIAPGETVTKTVTLPVTVEENGYDVPLVLTLTLTKAADGTVTATVTYKGDTYTAAATPV
dTF004_156_0,ATKTFSWTDSSGEVLTGTITVTAGATSTATSTYSRVYEVNGYDVEVTVTVTWTATTSGEVTVTIEVEGETHTAPATEV
dTF004_156_3,ATKTLSWTDRSGNVLTGTITVTPGKTSTATTTRTVTREVNGEDVELEVTLTWTASTDGTYTLTINVDGETYTAAATEV
dTF004_190_2,PTLSVTLKGEVDRTITLTVDINAGETVTKTVRLPVTVLVNGYTEELTLTYTFTKNADGTYTVTITYNGETVTATATEV
dTF004_199_6,ATYSATLTHPSGNKTTYTFTLGSTAGATATSTETVVRTVDGVDVEVTLTITLTRKADGTVTATLTVDGETVTVSATAV
dTF004_272_7,AKFSITLKGEVDVTIEVEADIKPGETKTLTKTLPVTYLKDGEDYPVVVTITLKLNEDGTVTATVTVDGDTVKAEAKEL
dTF004_274_5,ATKTLSVKLPDGSTKTFTVTLNPGETATKTETRTYQDAVTKEDREVTVTYTFTEAADGTYTVTIEVDGETYTATATYV
dTF004_274_6,ATVTVSYKELNGDTKTLTVTINPGETATQTETRVYQDTATGEDSEVTVTTTITKNSDGSYTGTLTVDGETYTSTLTEV
dTF004_295_5,PTVTLSYTDVNGDTKTVTISYDPSLPATSTTTETVLRTKNGVDVEVTVTKTYTKQADGTWILTLTAPGETYTAELTEV
dTF004_301_4,ERLRVELPSGLTITIDLDRPLQPGETRTLTVTLPVTVLKDGYDEPYTVTVTVRRNADGTYTATLTVDGDTVTLTATPL
dTF004_32_0,ATVTLSYTDVNGNTLTVTITQTPGKDATETRTETVVRHQNGVDVEVEVTRTFTLKQDGTATVTLTAPGETHTASATKL
dTF004_32_6,ATVTVSYTDVNGNVTTVTITVTEGATATVTRTRTVVREKDGVDVEVELTETYTLAQDGTATVTIEAPGETHTASATLV
dTF004_346_0,KTFSVTITGEVTRTITVTADIAPGETKTATVTLPFVYEGDGDPNQAVLTVTLTLNADGTVTATLTYKGDTYTATATEV
dTF004_348_5,ATYQLTLTSVSGNVTTVTVTADASKTETVTTSITRVRLVNGVDVEETYTVTLTVNADGTVTATLSYNGQTTALTVSKV
dTF004_354_1,ATLKLSIKISESETVTLTVEVDPNKDTTVTVKRSRVYLGPTEDVELTETLTVNIKTDGTVTATLEVDGETKDLPVTKL
dTF004_358_1,ATFKFETKEAGKRPLTFTFTINAGETKTQTVTLPTTVMVNGYDEPRTLKLTVKMAADGTVTVTIEENGATYTGTATKL
dTF004_365_3,ATLTFTDVDGTERTIEAKKEKVDADTTKYTATFTRVYLKNGVDEEVTVTLTVTETKDGTVKTTLTVDGETYTSTSKKK
dTF004_378_4,TTLTLKITENGRVLATLTVTYDPETGEFSTVTENRVYLENGEDVEVTVTYTFRLAPDGSIIATIEVDGETKTLKAELL
dTF004_378_7,ATRTLRVTVDGRVLATLTVTYDPATGEFSPVTRKRVYTKDGEDVEVTVTYRFRRQPDGSIVATIEVDGETHTLPAEEL
dTF004_397_0,ATKKLSIKVSEELTLTLTVTIAAGETKTATTTLLRHNEATGVDEEVTVTITITQNADGTYTATLSVDGETYTATATEL
dTF004_401_3,ATKTLSVTLRSGEVLTGTITVTPGKDATATQTETRVYTSNGYDVEVTVTYTFKLTTSGKATLTIQAPGETWTQEAKEV
dTF004_401_5,ATKTLKWTDASGEEYTGTITVTPGANATATQTRTRTYMENGYDVEVTLTITFTLATDGTATVTLTAPGETYTAAATEV
dTF004_405_1,ATHDFLGEDGTVIKGAKELPVAPGEPKVWEKTETIVRTENGEDVEVKVTYTVTENADGSLTLTRTVDGETHTMKATKL
dTF004_405_2,EKRDFLTEDGTVISGAERQEVAPDEPEVWTKTETIVREVDGEDVEVTVEYTVTKNADGTYTLTRTVEGETHTMKATPL
dTF004_414_6,ATVTLSYTTVSGDTVTRTVTVAPDATVLDTRTSTRVYHRNGVDEEVTVTETISRAADGKYKLTIEVEGETYTQELTEV
dTF004_430_2,ATKTYSVQISETETVTVTITVTADETATATQTLTRVRLRNGVDEEVEVTLTLTVTTDGTATATLTEEGETVTQAATEL
dTF004_430_4,ATVTYSVKLSESDTVTVTITVTAGSTSTATQTRTVLRLKDGEDVEVEETLTLTSTTSGTATATLTAEGETYTATATKL
dTF004_445_3,ATYQLTLTHVSGEKDTVTLTVDLAAKETATATTTRVYEENGVDVEKTVTWTLTVAADGTVSGTVSIDGETVSVSVSAL
dTF004_476_5,AKYKVTLKGEEDMTFEVDVTETEGKANTNTATKKVVREKNGVDVEVDITLTIEISTDGTVKATATVDGETADATIEKL
dTF004_61_6,ATVTVTLTDKNGDVVTVTVEVAVGETATKTVTLPRTYLKDGYDYPIVRTYTVKLNADGTLTVTVSVDGDTLTKTTKLA
dTF004_87_4,MTIKLTETGDETTTITLTVDKTAGEEVTKTTTSTRVYETATADVEVTVTYTLTIAKDGTITATATVDGETKTLAAEEL
dTF004_92_1,PTYSFTLTDVTGEKTTYTLTAAEGTTVTETRTEPVTYEKNGYDYPRVVTITLTENADGSWTATLTVDGETVTLPATKL
dTF005_103_1,MKVKKYTFLKQTEDGNLVKTTITETDSGKTKIVTEELEGWVIDGVVYLSVNEEKKKVEEVDKEEGEKKLEEIKKTADWEYDSVEIE
dTF005_121_1,MKVEIITLTRMNEEGEVERVTITIYEDGKVEVRREVLLGREIDGVLYLEVDEEKRIEEEISKEEAEELIEKLVNDEGYSQQSETLE
dTF005_130_4,MRKVRKTLLYMDEEGYLIEVVYEENEDGKVTVTEKKLIGSEIDGVLYREVDESAVVVREMPREEAEKELKRLAEETGAEVTTVVEE
dTF005_131_0,MKKTVETLLYQGPDGRWVRLTFTYYPDGKVEIRTEVYEGWEIDGELRLRLIPEAEKVEETSKEEADKLKEEILKKEPNVQTAGPVE
dTF005_146_6,MVTRTYTLLLQDEDGNLYKIEVVEGEDGKAVVTVTLLEALVINGEVYLRDVEEERVVTEMPAEEARKALEELAKKTGLTITETTTE
dTF005_149_7,MKIEIKELLIEDEEGNLYKVTLTLYDDGKAKLTVKLVYGEVIDGKLYLSEDPNVVYEKTMPNEEAQAEFDELAKRSGRGAITTTIE
dTF005_152_1,MKKEIYTILEQGEDGNLYKYTFTLYDDGIGEVIITELEGEEIDGVLYLSENEEKRKVEKLDNEKVKEKLKELEEKTGSIAKREVIE
dTF005_158_6,MKVERAVLYYQDEEGNLVKVEFTLREDGEAEIVETEVEGTAEEGKVYMRDVEETRVVRRMSNEEARAELEKLLSETGATVPVTTIE
dTF005_161_1,MKIKEYYFRKMNEDGNVEVVKIEVGEDGTVTVKRFLVEGEEIDGVLYRRETLVEEEVYKASEKEVEELKNKLTKEEGFVEVTVIRG
dTF005_170_2,MKVKYKRLVKMDEEGNLVEVDIEIYDDGKVKVTTRVVLGEEIDGVVYQSYDEKAKKVEELSTEEGEELLKRLVEEEGYTEHDVFKA
dTF005_170_5,MKVEKTVFTKMDEDGYLIQYTIEEYDDGKVKVVTEKLLGEVIDGVTYLSVDEEARKVEELSKEEGEELKKKLVEEEGFSEHTLIEA
dTF005_180_7,ETLTYTVYTSTKEDGLIEQVKFEKLEDGKWKIVKETLEYYEDDGTGIVYKEVLEREEEVVDEEEAKKLEEEYKKTADYSGTGTRVL
dTF005_200_7,MKIQKATLIVEGEDGNLWKYVFTLRDDGVAEVERSLLEGEVIDGVVYMREDKESREVETLPTEEAKKMFDELTSSKGYTVPITETE
dTF005_211_5,MTKKITVLTRMTEDGYLEQVEFEELPDGKIKVVTKRLIGREIDGVLYLEVDEKELKEEIMEKEEAEKKFEELLTKEGYSRRTRVVE
dTF005_21_7,MKVEEETYLIELSDGTILLVKIKRYSNGEVEIEIAEVLGEEIDGVLYMSLDEESKKVIRTDEKEGEKLWEKILKESTKVMKQVKQS
dTF005_22_4,MKVEEYAIREMTESGELIETTLKLYDDGEAELITELLRAEVIDGKVYLSVDEKERKVEKMKKEEALKKLEEIAKKTGKEVSRVIRS
dTF005_22_5,MKVEEKAITYMTEDGNLIRTTLKIYDDGKATLTTEELLGEVIDGKVYLSVDESKKKVEEMDKEEAEKKLEEIAKETGKEVSTVIRS
dTF005_248_4,MKVEIITLTRELDDGTIERVTFTLYEDGRVKVRRELLYGSEIDGVLYEEVDEAAVEEREVDRETALEEIERLRTEEGFYESRRELE
dTF005_254_1,EVIEYDVIISETEEGELVEYTFKELEDGKWLITTEVVLGEEIDGVLYARVDEERRKERIVDKEEAEAEFAELKKKYGNVAKGTRVL
dTF005_254_4,TTIKSTVIISETEEGDIVETIFEKLKDGKWKITTREVIGEEIDGVLYARVDEAKYKEEILDEEEAKKKFKELKEKYGNVADRTRNL
dTF005_279_6,MKVKRVAVTEQLEDGTIKKTIFEFGDDGEVTKIVEILEGYYDEETGQVYERVLSREERKISKEEAEKELEELVKKKGWVKSDVFRS
dTF005_294_6,MKINTTVLVLLDEDGRLREYTIIEREDGTVEVITEVLEGEVIDGEVYLSVDPAAYKKEKVSKEEAEKRKKKLIEEEGALERTRSLS
dTF005_2_3,MKKEKASMLLETEEGELVKIEFVIYDDGKAEIVESKVLGWEIDGVLYLEEDEETKVVREMSAEEARKELEALEKKSGITAKVTTEE
dTF005_307_4,MEAEELAVRSLDEDGNLRVERLVAYEDGRLVRTVSEVEGWVIDGVVYQEETVVEERVEQLSKEEIEEIFEKFKEENPNVQTVIRNP
dTF005_322_7,MEKEYYTLLVETPDGNIIKYKFTIEKGKKAVIETSELEGWVIDGVVYQRENEEKKKVEELSAEEAREKLKKISEESGAEVTVKKEK
dTF005_323_0,MKVEKEFITGETEEGDIVEIEVEYYEDGKAKLTVKVLEGEVIDGKVYQSVDEEKKEVIEGDKEEIKEKLEELKKKLKKILYKKKEE
dTF005_341_7,MKKKTYTFLKTTEDGRILKYVLTAYENGKLVLEVKELIGWEIDGVLYLEEKVLKKEERELSEEEIEKLIEELKKESDAELTPGKTE
dTF005_352_0,MKVVKKTALFLDKDGRLVKLTLELKEDGKATLTIEVLEALEVDGELYLVVDEAERVVEEMDNEEAEKKFNELAKKYGAEVTTTTIE
dTF005_360_0,MKVKKQKMLLETSSGELIEVELIEYEDGTAEIIITKLIGSEIDGVLYMEEVEEEKEVIKLNKEEAEKLLKELLESATAVSRSPVEE
dTF005_371_3,MKVLVTTLTRMLESGDLERVVVTEGEDGEVRVERSILRGSVIDGVLYLEEDEESRRVEEVSPEEARELIERLVNEEGYSRSVRELE
dTF005_394_3,MTVEIKTLLYMDKDGYLVKVTLIIDPSGKATLVEEVLIGERVDGETYLSVDEEKRVVREMDTEEAEKELEKIAKETGAEITTETLE
dTF005_395_3,MRVRVYTALYQTSEGELYRVELTIYEDGRAELVVTRLRGREIDGEVYLEEVEEEREVYEMPEAEALARLEAIAAETGAEIQEEELE
dTF005_407_1,MKVEIVTLTKQLEDGYIEVVTFTLTEDEEATVVTEYVRGWEIDGVVYEEVVEEKKKVETLSREEAKERIKKLIEEEGYSSSTEVIE
dTF005_410_3,MRVTEATLYYQDADGNLIKTRYVFTDDGQATVTRSLVWGWMIDGVLYLSEDEASRVETVLPTEEARAALNEELERRGYTVQVKTWE
dTF005_426_4,MKIKILELVKQDEEGNLHVTRFIIDESGKVKVLEYEVIGENIDGELYASVDEKSLKEEELSEEEAKERLEKLTKEEGWSLRTQELE
dTF005_432_0,MKKKEATLLTSTSDGRIIKHKFTIYENGKAVITTTEIEGEEIDGVVYFRDVESSKKIEETDAKTAEKKLNELLSSSGATVKITTYE
dTF005_441_0,MKVTKESITYLNEDGNLVQVIVETSDDGTATITIQELEGEVIDGVLYLRVDEEKTKVETMPTEEAKAKLAEYSKKTGASVGTYISG
dTF005_441_7,MKVEKKVINYLNEEGELVKVTFKFYDDGKAEIIEEVLEGEVIDGVLYLRVDEEKKKVEELDKEEAEKKLEEYMKKTGQSVGTYVSG
dTF005_475_1,MKVEVEEAIIQEEDGNLVKVKVTYYDDGKAVITRTRLEATVLPGEVYLSEVEEEKVVEEMSVEEARKEWEELLKKAGLKLLPSKVE
dTF005_477_5,MKIEIYTATFLDEEGNLVKLTLTLYENGEAVLEKEVLEGEVIDGKVYLSVVEEEKEVEKGPAEEILEKFKEETEKAGAEVQKETIE
dTF005_487_1,MKVKITTFTEMLESGDIVEYVITETESGEVELEERVLRGREIDGVLYREVDESKLKKEKISKEEAEEIKKKLEEEKGWSKSTRELE
dTF005_487_5,MKVKITTFTKMTEEGYLEQTTITETEDGKVKLITERLLGEEIDGKLYLQVDESAKKEEEISKEEAEELRKYLRDELGWSESTRELE
dTF006_116_5,MKVVESTYLRQVDEYTLEKTTVTQYSDGTMEVETEYYEGEVVDGVVYLKKIKEKEKKEVITDEKEKNALLAELNKPSVMRSDDVEL
dTF006_117_7,MKIVKKTLYVETPSGKLLKLKYTFYDDGKAVIETWELESLEIDGKYYLKEKEESKVVEEMDKKKAEEKLKAIKEAGYKHSESTEEF
dTF006_121_7,MKVKKITLFIETEDGKLKKYVIELYEDGKAKVTTVELLGEEVDGVYYLKEDEASKKEEELETEEAEKLLKELLADPGLLSKQEEEF
dTF006_159_1,MKITKITLLVQKDSGELWKKTYTIYEDGKVEVVEVRLLTEVVDGKVYWKDDEESRKERTMKTEEVEKEIEELRKQGRILSEKVEKY
dTF006_159_7,MRVEEIVLLVEKDSGELVRVRYRIYESGEVEVEEVRLLTEVVDGKYYWRDDEASRVRRRVSTEEAREEIERLRREGRILSESVKRY
dTF006_176_6,MKIERITLLVEEESGELLLREYELYESGKARVVTVRLVTEVVDGKVYWREDEASREEREVEVEEARKEIEELRKKGQILSESREVF
dTF006_181_3,KITKKETLIVSTASGKVFKVVYEYYEDGKVKVETWELLSEVVDGKVYLREDEASKKVEEMSKEEAEKKLKEWKEKGELVSSSSEEL
dTF006_186_1,MKIEVYTFYLEEEDGRLVKVTITIGDDGEVKIVKTVLEGRVVDGVYYLVEVKEETVEETVDLEKAKEILEKIKNDPRLLMFSKEVL
dTF006_230_4,MKVKKITLYLEDEDGRLVKITYTLYEDGKAVKTTEVLEGLEVDGVYYLKVDEESVKEEELSTEEALKEIEELKKAGKILSSSEEEF
dTF006_230_7,MKVEVITLYEEAEDGRLIKHVYTLYEDGKAVVRTEELLGEVVDGKYYLKVDESSVREEEASTEEVRKEIEERKKAGKILMSSSESL
dTF006_247_6,MKRRVFTREEMLDDGTLRRTVLTLYSDGKSTLEEFLLSGEEVDGKYYLRESPEPVRREEISPEEAERMIEEWRARGEDIQEEEYEE
dTF006_248_5,MKVEKKLFSKMLPDGKMLEIVITRYSDGKVEVVTRVLSSEVVDGKVYLVEDEAAKKVEELSEEEAEKLEAELRADPSVYESTVVLD
dTF006_248_7,MKVTERVFTKMLPDGTELVTRITIYEDGKVVIETSVLTSEVVDGKVYLREDESKRKVEEVDKATADERIAELSADPSVYESTAVLD
dTF006_255_4,MRVRKRVLLVEADDGDLVRLEIEEYEDGRVVVTRVRLESEVVDGVYYWREDEASREVREVSREEAERELARLREEGRVLMESEEEL
dTF006_25_2,MEKVTKTFLRQGADGRLVKVTLTSYSDGKHILEEEVYESLVVDGKYYLKPVESEKKVKELSEEELKALEKQLEADPQTMKGETTVE
dTF006_273_1,MKIEEVEYIEEAEDGELLKVVLTIREDGTLETEVYRLEGLEVDGKYYEREVLVERKVEKMPLEELKKLLEKRVKERALQIVSRKEY
dTF006_276_1,MKTRVYTFFVETEAGELLRIVITLRSDGKATVETSRLLGEEVDGVVYLREDEASREVREVSPEEAEALIKELLEKGSLHSSEVLET
dTF006_283_1,AVEEEQTFLRLVDPETLLKLTYRYHPDGEVEVEEVLWTGWEVDGKVYLIEDEAARRVRRVSREEAEKEIEELLARGEDMQSEKVVY
dTF006_298_5,MHIEKYTAIVENESGEFIKVKITIDDSGKVKVERTKLEGLEVDGKYYLKEDKESKKVEEISKEEAEKMIEEWRKKGVGILTEEIDL
dTF006_308_3,MVKKVKTFLVENEDGDLYKYVITEESSGEVVLETSKLLSLEVDGKYYLFEDEAARKVEKVSLEEAKELEKKLLESGASHSSEVLEF
dTF006_317_7,MKIKIYTFTRMLEDGRLEVVKITIYDDGKAEVERKVLEGEEIDGVYYERVVEEEEEKKEMDKEEAEKLIEELKEKGWTSSEEEIEL
dTF006_343_4,MKVKKVTEYYLDEDGNLVKRVYEFYESGKAKVTTTRLEGIEIDGKYYLREDESQRKVEEMDTKEALEKLNALRAAGVKRSTSVEEY
dTF006_344_5,MKIKEHTLLKEGADGRLYRYTITLYSDGKAVVERVLLEGLVVDGVYYEREDEAAKVVEEMDNEEAEKLLKELLADPGVLSSQSKEY
dTF006_346_7,MKIEEEVLIVKNKEGEIYRIELKLYEDGKAEIIISKLEGLEVDGKYYEKEDEEKKKVYVMDTEEAKKKLEEIKKENTVLGSSSSTY
dTF006_351_5,PRVEEVVLYLENDDGTLTRIEIRLYPDGKVRVVETELEGLEIDGKYYLKEDEAKRKEREIDRAEAERLLAELLASPQVLSVQRTVS
dTF006_356_4,MKVTEITLIVEEDDGELLKVRLTIREDGKVEMETWRLEGLEIDGKYYEKEDEESKEVREMSTEEAREWLEALRKAGRIQGESTEVY
dTF006_358_6,MEIEELTYLTVDEEGNLWKVVIKKYDDGKAIIERTLLEGEEVDGVYYLKEDESKKVVEEVDLEEAEAYEERLKADPRTMVGETTKY
dTF006_358_7,MKVVVHTFLTVGDDGELYRVEITLYDDGKAVIVTTKLLGREVDGVYYLSEDESKRVVETVDRETAEARLAELKADPRTMFGETVEY
dTF006_380_4,GVEKVIRLLVELPSGELIRIELKFYPDGKVLVTTSRLEGLEIDGKVYEREDEASRVVEEMEKEEAEKFINELKKEGKILMESEEEL
dTF006_380_5,GVVERLTLLIEEEDGTLLRLEYTFYPDGRVLKRRSRLVGLEIDGKYYWREDEASVVEEEMEREEAEKEIERLRKEGKILMESRELL
dTF006_398_0,MKIKEYTFYVEEEDGTLLKYRITIYDDGKALLETWKLESIEVDGKYYLKEDEASKKVEELSKEEAEKLIEELKKKGAAHREEEYEL
dTF006_398_6,MKIKIYTFYVEEEDGNLIKIKITIYDDGKAVLEETKLETIEVDGKYYLKEDESSKKVTELSKEEAEKKINELLSKGASHSEEEIVT
dTF006_408_2,MKVKIYTFLRMTEDGRLEKVTITIYDDGKIIKTTVLLEGEEVDGKYYLREIKETRKEEEISEEEAKKLIEQYLKEGWSHSEEEVEL
dTF006_408_6,MKIKKYTFLKMGEDGRLVKITITEYESGEIIKETVLLEGEEVDGKYYLREIEETRKVEKISKEEAEELKKKLLEAGWSHSEEEIEL
dTF006_410_4,MQEEIYTLYVELPSGEFIKIKITLNPDGKAIIERKLVESLEVDGKYYLRENEASLVREEMEAEEARKLLEQLLKEGKVLSYSHEKK
dTF006_412_5,MKITVITAILETESGEVYKVKVILKDNGKAELEIWKLISEEVDGKYYLKEDESSKKVITGSNEEIKKKYEELKKKAKASSESVEEF
dTF006_429_5,MEKEKITLIVKTEDGRLIKIEIEIFEDGKAKIIISELVGLEIDGKYYLKEDESSREEREMEVEEAREFIKKLREKGEILMESVEKE
dTF006_42_1,MKIEKITVIAELPSGEVLKVVYTIYDDGKVKVETWRLLGEEIDGVYYEREDEASRKVEEMSKEELEERLKAARAAGVRMSVSREEF
dTF006_438_0,MKVKRITIYYENADGELVRVEYEIYEDGKARVRRALLRSIEVDGKVYLQEDEASLREEEVSEEEVLKEIEALKKAGVRMMTSEEEE
dTF006_490_1,MKKEVKTFLVETPEGELKRVEITLYDDGKAEIVETKLETEVVDGKVYEREIEEERKVETVDLETAEKRLKEILANPSVMVGETKKY
dTF006_89_0,MKVKEITLHVQLPDGTLLKVKIKIYEDGEVEVEVYRLLGEEVDGVYYERLDEASKVVTRMSKEEYEEWLKKLRESGALIGSSEEEY
dTF006_92_5,AKIKKVKLLVKDESGELLLIELTYYPSGEVEVTVSRLEGLEVDGKYYWKEDKAATKKEKMSKEEAEKFLKELEEKGQILMREEEVL
dTF007_102_5,MRIEKATLYVLNEDGKLVKYVFTIREDGEAVIETAEVEGWEHEGVYYARDIPETREVERLPVEEARERLERLQKESGKTVNVHVFE
dTF007_123_0,MVVERSTLYLVNEDGRVVKITVEIYEDGKAVITVKELEGWEVDGVYYLEDTPEEAEVTEMEAEEARKWWEELLKEKGYTVNVYKFE
dTF007_123_7,MKVEKSTLYLVQSDGRVVKIEVEIYEDGKAVVRRSLVEGWEHDGVYYLRDTPEPEEVEELDAEKAREEWNELLKSLGYTVNVYTFE
dTF007_125_7,MKVETYTLLELLSDGKVKKTTYTIKEDGKATIETVTMEGVDVDGEYYLVDIPESKETREVSTEEAREELEKKLKELGKTVSKHVWE
dTF007_133_3,MRVEKATFYEVQENGLVKKIEFEIYEDGKAVITTTELEGVEVDGEYYLVEIEETRKVEEVEAEEARKKLEKLQKESGKTVNVEVFE
dTF007_133_7,MRVERRVLYEVQENGKVLKTEYEIYEDGVARITRSLLEGIEVDGVYYLVEIPETEEVEEVPAEEARRRWEEEERRSGKTSNVEVFE
dTF007_135_0,MKKERYTLYLVQEDGKLKKYVYEIYDNGEAVKKVYNVTGIEVDGVYYLELSPEAEKVEKMPAEELKKELEDLLSRLGYTVSVETFE
dTF007_149_3,MKVERAVLLYTDADGRLIKVEVELYDDGKAVITRSVVEGIEVDGVYYLVEDEASKVVEETSTEEARAFFEKLTKELGYTVHVETWE
dTF007_196_4,MKKKTAVLYLVQSDGSMVKYEFTLYEDGKAEIVTSKVEGIEVDGVYYAVEDEASRVVEEVPTEEAEKKLEELLKKSGKTVNIQEYE
dTF007_196_5,MKKEKATLYLVNSDGKMTKYEFELYEDGKAIIKETDVEGIEVDGVYYAVEDEESTKEEEVKTEEAREKLEKLQKESGKTVSIHTYE
dTF007_223_4,MKVKKATLYLVKEDGKLIKITLELYDDGKAKITITEVEGYKDTETGEYYLRDVKTEEREMEAEEAEKEFNELLQKLGYTVQVETYE
dTF007_230_2,MKIEKRTLYEVNEDGKLIKTEYEFKDDGKATVTTTEMEGWEVDGVYYARPIEESKKVEEKDAEETKKAFEERLKKLGVTVNTQTYE
dTF007_230_3,MKVEKATLYSVGPDGKLIKTTLEISDDGKAKVTTTELEGWEVDGEYYARDIESSRKEETLDAEAAKAAFEAKLKALGVTVNVQTYE
dTF007_240_3,MKKEVSTMYLIDSSGRVTKIKITIYDDGKAVIETYDVEFWEVDGEYYAVEAPEARKKETVSAEEAKKYLKELQEKTGKTVNVETYE
dTF007_250_2,MKKEVTKLLETDKEGKMILIEYTLYDDGKAEIKRSEAEGIEVDGEYYLVENKKNEVVEEVETEKAREELEKKLKELGVTANTQVFE
dTF007_261_3,MKVEKYTLYLVTEDGKLVKYTFELYEDGTAVITTEEVEGIEVDGKYYLVTVPESVKVEEMSKEEAEKLLKELLSKNGYTVNKQTYE
dTF007_268_6,MKVERATLYEVQEDGKLVKTVVTLYSDGKAVIEESEVIGSEVDGELYAEDDPASRVVREVDTAEARAEFEQRLSELGYTVNVETFE
dTF007_270_5,MKKTVVTFYEVLDDGRLVKTEITMYDDGKAVITTTGVEGVEVDGVLYAIDDESTRKVEEVDLAEAEKRLQQLETTTGKTANVETFE
dTF007_280_1,MKVKKATLYEVTEEGKLVKTELILYDDGEAEVITTEVEGVEVDGEYYAVDIEESKKVEKTKAEEAEKKFKEKLKKLGVTVNTEVFE
dTF007_280_4,MKVERSVLYTVTEDGKLVKTELIIYDDGKAVVIVTEVEGIEVDGEYYAVDIESSRKVEELDAKEAKEKFEEQLKKLGVTVNTEVYE
dTF007_291_7,MKIVEYTIYTTNSDGKLIKYKFTLTEGKKAKVETTEVIVSEVDGEYYLEDNPESKKEEYLENEEARKLLEELKKSLGITVSENVYE
dTF007_306_7,MKTTTATIYQTQSDGKLVKTTFTFKDSGESTVETALVEGWEVDGVYYAVEDEATKKVEKLPTKEAKELWEKLLSDSGYTVNVETTE
dTF007_30_1,MKVEKAVLYEVLPDGTLVKTELTLYDDGKAVVVRTRVEGIEVDGELYAVEVEEERVVEEMETEEARKEFEERLKKLGYTVNVETFE
dTF007_30_4,MKVEKAVLYEVLEDGELVKTTLTLYDDGKAEIETVRVEGIEVDGEYYAVDVEESRVVEEMEAEEARKKFEQRLKELGYTVNTEVFE
dTF007_317_5,MRVEVATLLSLDESGRLVKETYEFYEDGRAVVRRSLVEGWVDEETGELYLREVETEEEEGDAAEVRAAFEAKLKESGVTVSVHTYE
dTF007_328_4,MVTRKIVFYLLDEEGRMRKIEFTMREDGTATRVTRLVEGNEVDGEYYAVDLEEDEVVEEMSLEEAEELIEQLEKETGLTANEEVFE
dTF007_336_5,KILEKATLYLQGPDGEMWKIEVTFYEDGKAVVTTTRVEGIEVDGVYYAVEIPESRRVEVMPAEEARKRFEELLKELGYTVSVEVYK
dTF007_354_6,MKVVKKTIYKINEDGEVTKYEYELYEDGKAVVTKTKVEAWEHDGVYYLEDIEETKEVRTMSVEEAEAEFNKLEKELGITVSEHVWE
dTF007_365_3,MKKKVKTFYLQTSEGELVKTTFIEYEDGKSEKIVERVEGWEVDGVYYLVDIPETRKVEKVSKEELEKEIKKLETESGITANEQVIE
dTF007_388_0,MRVERRVLYQQVSPDTMQKIVYEFYEDGKARVTTTEVEVWEHEGKYYMREKEESRVVEELPEEEARKRLEELLSQLGVTVNTEVLE
dTF007_407_4,MRVERAVLLLTGADGEMLKIELTLYDDGKATVVTSKAEGVEVDGEYYLVLDEASRVVEELETEEARERFEQLLKDSGKTVNVETYE
dTF007_408_2,MTKKVYTIYEVGADGKLVKTTIELYEDGKATVTTTEVEMWEHDGVYYARDNPETTKVEELDKETAEKALNEYLKKTGRTVSTQTYE
dTF007_412_5,MKVVKRTLYQILEDGKVLKTEIVLYDDGKAEVTETLLEGIEVDGVYYLVDIPESVKKSEGDAAKVEAEFNELLAKLGYTVNTETFE
dTF007_433_6,MVKKEATLYVIKEDGKLVKYTFTLYDDGKAVIETTEVIGSEVDGELYLEDVEETKEVREVSTEEAEKEWKKLLEETGYTVQEHTYE
dTF007_433_7,MKIEEYTLYVVNEDGKLIKYTFKLYDDGKATITTSEVEGSEVDGELYLREIEESKKVEEMDKETAEKKLNQLLSDTGYTVQKHTYE
dTF007_467_6,MKKETATLFLTGEDGKMLVIEFEFYDDGKAVVRTYEAVGIQLDDTPEYYLELTLVSEEELPREEARERLEKLLKESGYTVSINTYE
dTF007_4_1,MKIVERTYYSIAADGTLIKTKLTLREDGEAEIVTTKVEGWEVDGEYYLVEVEETREVERMEAKEARERFDKLLEESGVTVSEHTWE
dTF007_50_6,MKKERRVLLVTDENGELIKIEIEIYDDGKAVITESKVEGVEVDGVYYLVEDEESRKVREMDTEEAKKFWEELEKKTGKTANVETWE
dTF007_52_4,MKKEKAVLYLTTSSGQLIKYEFVIYEDGKAEITTSEVEVWEVDGVYYARDLPENTKVEEVDTETAKKRLEELLSSSGYTVNVETLE
dTF007_63_5,MKKERYTLYSVTSSGEMVKTVYELYEDGKAVVTRSKVEGVEVDGVLYAVEDPETRVVEEVDTETARKELKELEEKLGVTVNKEVYE
dTF007_90_1,MKVERRVLRKQGADGNMLLYEFTIYEDGKAVLTTSLLEGVEVDGEYYAVEDESSRVVREMSAEEARAEFDRLESELGVTSNVQTWE
dTF007_97_3,MKVEKATLYEVAEDGKMVKYEFEIYEDGKAIITTTEVEGIEVDGEYYAVEDESTKKVEEVDTETAKKKLKELLEKLGKTVHVETLE
dTF008_100_2,ATTTRKSAIYLDSSGNYYKVTLTLSSDGTATLTTSAVTATEIDGYTYYSPVASTTVTETMSNAEANAKFNEIVSKTGAQVSEETLV
dTF008_100_7,ATTTRKSAIVKRKDGSFYKVVLTLSSNGKATLEISEVTVTEIDGYTYYSPVESTKKTKTMDNESALAEFERIVKETGSRVTESTLT
dTF008_108_3,VSVTVRTAYYRNADGKWYRLVVTLSPNGEATVEISEVNVEQVDGYTYYSPIASTKRVRRMSAAEADALLERVATETGTRVSTETRL
dTF008_108_4,VSVTVVTVYYRDEDGNWVRLTVTLYPDGTATITTSRVNVEQVDDYTYYSPIPETTQTRTTSAAEAEALLARVVSETGSKSSTSTRL
dTF008_117_1,GTVTEETVLLLDESGRYLRVTFTTESSGRRTVTRQELDEIQVDGYTYYVPSPAPPEVREVSAEEYAALKEEVLKKSITGPVLRTRP
dTF008_12_3,VTVTTETYLKRLDETTALRTTFTRSSDGTNTVTTTLQTATEVDGYTVLTPNAASKRTETVSPAEFDALLAQTRKEADQLLSTTTST
dTF008_145_6,TVRRRIELLVVLPDGSVRVLRVEATFGETATLRTRVYDLVEVDGYQYLRLRPEAEREERMSREEALAKLAELRERAVEILEERVEV
dTF008_150_4,ATTTRKTIIVRVDEDTYLRITVTLSSSGTATITTSTLKAVVEDDYVYLVASSAASTTSTTSTADANALIDKLVKEKGAHVTTETVS
dTF008_157_0,TKKKRITAYVVLPDGSYQKIVVEITENEPAKVTVQSLTEEQVGDYTYLTTSSTSTSTSNLPEEEVVALVEALVKASGGHISTEEIE
dTF008_182_7,ATTTTRTLIYQDSDGNFRRLTVTISADGTATVTESLLNETHLDGYTYYSPIASTAKTSTTAAATATAQLDAIAATTGSNVITQTKT
dTF008_189_2,VRTERRTFVYRAPDGSLRRRVLVVEDGPEPRARLTTLPMVEVDGYLVPVREPALERVEELPAAEALARADALAAANGSDVDTEVRE
dTF008_191_1,ATTTTTTWIVSLPDGTYIRYTFTSSSSGTNTLTTSKLNETQVDGYVYLSPDASSKVTETVSPATAAALKAELEATSITSAVTSVTT
dTF008_200_2,GTTKTTTLIATAKDGTRTRYTFTENSSGAVTVTTVKLNETIEDGYLYLTDDPSTAQTRTVSAAEAAALKEKIKAENEVEETTETKA
dTF008_200_6,GTVKRTVLLAVAPDGSYRRYVVTESSSGKVTIETVDLTPTVVDGYLYLHDDPATRRTRDVTAAEAAAFIAKLKAEHEVREDTETLT
dTF008_239_5,ATTITKTAYKELSPGTYLKTTITYNSDGTVTLTETLQTATIIDGYLYLSDIPSTTKTSTISKEEAEKLIKEMEEKEGLRIRTDVSS
dTF008_248_4,GTVTRITLLVTLPDGTKVRYTFTLTDSGTATVTTSTLTATEVDGYTYYTPDAATTVTETVSREEANARIERLLKEYDTHSSTETVT
dTF008_248_6,ANVTTITIIATLPDGTYYKYTFTLTDDGTATVEKSKLKETEIDGYTYLTPDEATKETTTISREEALALIKKLEEELPSHTSTTTTL
dTF008_289_0,ATTKKYEFLVVDSSGNYVKVTITITDDGTSTITTTKLNETQVDGYTYLSPDAASTVTTTVPNEEAKALYEETLAKSGRILNEETTV
dTF008_31_0,ATVTTKTAYVQLSPDTYLRITVTLRDDGTATITEALLKATQVDGYLYLSLIPETVRTRETDAATAEAYLADVAAKTGTRVRTETRL
dTF008_328_4,TRKTVRTIYYQGSDGTWYQLTLTISESGKATITEAAVTETLVDGYLYLTPNPANAKVTEMPKEEALAKLEAAAKATGAQVSTRTVV
dTF008_331_0,ATKTVYTAYYQDSSGNWYRLTFTQSSDGTVTKTTRPVTPEVVDGYTYYYASPGPVTTETISAETMNAEIKYLTETLGYQVSTRTLP
dTF008_346_4,GTSRTKTLYYQDESGKWIKVTLTITPDGSATLTETEVRVEEIDGYVYYSEIPETAKTEKMPAEEAEAKFNAIAKETGSNVSEDVRE
dTF008_435_1,FTRVTRTMIYRAADGTFYGVTLTTNPDGSATTTTSALTEEQVDGYAYYSPDASTTATATGPAAAATAAFDALAKATGSQVRESTTL
dTF008_438_7,ATYTRYSVVYEAPDGTLRRLVITRSEADPSAATVSEQDLVEVDGYLVPVARPGPAVVTRISAAEADALLAYYETELGRRISTEKRL
dTF008_475_0,TKVTIRKLYYVDESGKYLLVEVTIYEDGKAKITVRELNETLVDGYVYLSPNPEVLFEKEMPAEEAKALFEKLAKERGGHVSVEERT
dTF008_477_5,GTRETWTAYYQDASGRWRRLVIERLPSGRVVVTESEVTPTLEDGYTYYSPIPATTRVREVSPEEAQALLERVQTELGAQVSHTTVT
dTF008_499_4,MNTTTRTMYYQTPSGKWVRLTVTLNDNGTATITTTEVTLEQEDGYTYYHPVPSTTKTETTDNATATARFNKIEAETGTRSSTSTTT
dTF008_499_7,ATTTTRTAYYQTPSGKWVRVTLTESSDGTATLTTTEVTEEQVDGYTYYYPVPATQRTETMDVATARARFDALVKATGVRVSTSTTT
dTF008_52_1,ATVDELELLLVFPDGTRVRLRVRRLPDGRWEITLTELNETEVDGYVYLSPDPSSKRVLTLTPEEAEALLAALLAQAVQVEVLRESS
dTF008_62_0,ATVTRKTFYKVLEDGKYKKIVVTLSSNGTATITTTVLNPVEVDGYTVLTTDASTVKTETTTNDEANALIKELEEKEGLESSTETRS
dTF008_79_3,GTTTTVVLTLTLPDGNIKRITITLTDSGVATVTTELYRRVEVDGYAYPVLIPSTVTTSTMSNEEALAMRKELVEEKGALEETSVRL
dTF008_80_4,AATTTSTLIYQDASGKWHKVTLTTTSDGTATLTESELNVETLDGYTYYSPVAATTKTTTMDAATAKAEVDKLAAEYGSKIATDTKS
dTF009_10_1,MINEITITIRLKVSEDVKEVREEVKKILEEVAKELGINAKIEEKSSVYAFADGETIGLEFIVKTDEEKEKVEEFAKKVKERLEEWAKEKGWDLEIEVEIKYYEL
dTF009_141_2,MKVEITITFEADTSVKYSELVELVKEAIKEVEKKFGEKIEFIEEPEVYQAAEEGKVIFTLKVEVETEEEKVKEIEEELLKKLKELAKKRGLDVEVKLETKVKKL
dTF009_141_6,MEVIITITFTAPTSVKASELLEIIKKAVEEVEKKTGEKIELIEKPEVYQAAEEGKVIFTFTVRVYAEEEKVEEIEKLLKEKIEELAKEKGLNVEVELETEVIKL
dTF009_145_6,MLVKITIFLTVDRSVDVSELIELVKKTILELAKEYGVKAEVEVDPFVYAMHDGSKIGIEIFVKLEMEEEKVEEFVEELEKRLKEEFKKKGWEVEIEIEVEVIKK
dTF009_157_6,MKFKITITVKAPRSVKASELEKIIKESVEEVAKKLGIKVEFENKVEVYQTEDEDTVVYSFTLIVEAEKEKVEEFAKLLKEELEKKFKEKGLDVEIEIEIEEIEE
dTF009_160_6,MKVKVEITIKVDTSITYSEILKLIKEAIEEVEKKTGEKIEYELEDVKVYEDLEGKKIIVLTLILEVKKEKAKEIMELFEKILKEKFKEKGIDAEIEINYEEIEE
dTF009_168_2,SIVNIRLDLTTDVSVKASELKKIIEEVAKEISEKYGVEVSVEQASFVYQAPEPGRVIREFFVTIKAPKEKAEEIVEEFLEKLKKKLKEAGYDVEIEAEVEFEEL
dTF009_168_3,SVVNITLFLTTDESVKASDLLKIIEEVAKEIEEKYGVKVSVEISSYVYQMHEPGRIGLEFKVTIEAPEEEADKIVEEFLKKLKEKFKEKGYDIEIEAEVEKIKL
dTF009_224_1,SRLRIRITVRVPTSVTAAQIREAFERAARRLEEETGLEVRVRLLPDVYEMPEEGWKLFEAEVEIEVEREDAERVVERLKRILEEEFRELGLDAELEYEVELEEL
dTF009_297_7,MKFKITIYITAPKSVKFSELEKIVKEVVKEIEEETGIKLEIESEETVYQAHDPDKVIFEFKIYVEAEKETVEEIAKRIKEKLEKKFKEKGWDVEIEVEIEEIEE
dTF009_325_4,MIYKVTIFLYVPRSVSASEVKEILKKIVEEEAKKYGLKVEIKFSESVYAMDDPDWIGLEFELKIEGEEEKIKEFVKEVEKKLKEKFKELGWDVKIEVKIEKIEE
dTF009_325_5,SKYKVTIFLTVPRSVSASEVRKLIKEIVEEEAKKYGLKVKIEFDSTVYAMEDPDKIGLEVTIEIEGEEEKIEEFVKNVEKKLKEKFKELGWDVEIEVEIEKIEE
dTF009_339_0,MKVTITIFLELPESVSISELKEALEKALEELRKENKAIKSIKLSISLYESEEEGKIRVEITIEIEVEEEKKEEVIEEVLKKIEEVLKELGIEAELEIEIEVEKL
dTF009_367_5,MKVRITVDIITDRSVKASDLKEELLKIAKEVLKELGVESKIEISVEVYESVESDKVRYRFTIEVELPEEKVEEFIKEFKKRVEEYFKEKGWDAELEFEVEVEKL
dTF009_372_0,MKYLVEVTIRADKSVKGSTLREIVEKAVEEIRKKTGYEIEVLPEEEVYEGEEEGKVYFVFKLEIEAPEEEIEKILEELKKILEKLAKEKGLEVEIELEVKKVEE
dTF009_372_4,MEYLVEVYITTDKSIKGSTLEEIVKEAVKKISEETGYEFEVLPEVEVYQGAEEGKVVFKFKVRVKVPKEKVEEVEKLLQKTLEELFKEKGIEAEIELEVKEVKK
dTF009_375_2,MKIIITVTITAPTSVKASTLVELIKKVLEEVKKKSGEDIKFSLDEEIEVYSMEGKVVFVFKVFIETEEEKADEIIELFEKELKKAIEEAGLPAELEIEVEKIKL
dTF009_375_4,MLVKVTITITAPTSVKGSLLLKIIEEVLEEVKKKSGEKIEFELDENVEVYSLEGKVVFVFKVYIYTKKENVEKIIKLFEETLKEKVKEAGLPAEIEIEVEVFEL
dTF009_407_0,MKVVIKVYIETDNSVKASTLLKILEEAVEKVRKETGLEVKLKKNIKVYEMEEEGKVLFEFEVEVYAEKEKVEEIVKLLKETLEKLLKEKGIDAEISLEVEIEEL
dTF009_407_2,MKVTITVYIFTDKSVKASELLEIVEKAVEEVRKKTGLEVKVDKNFEVYETEEEGKVLYKLTVEVYAEKEKIEEIVKLFEETLKKLLKEKGIEAEIELEVKVEEL
dTF009_434_0,MKFKVTIFLTVDESVKASEIEEIVKEVAKEIEEKTGYKIEVEMSDTVYALHEEGKIGYEVTVTIEAPEEEADKIIEEFIELLKKKFKEKGIEVEIEVEVEKIEE
dTF009_453_3,MKLEIKITITTKKSVKASKLLEIIEEAAKKLREETGYEVKVDPKITVYETEDSDKVRLEFYVEVEAPKEEVEELVEKLEKTLKELFKKAGIDAEIELETKLYED
dTF009_453_4,MKVRVRITITTDRSVKASDILELIEKAAEELEKKTGYKVTVIPKITVYETDDADKVRLELEVEIETPEEKIEEVVELLKKTLEELFKKAGLKAEIELEVEVEKD
dTF009_463_1,MKLIITITVKTKRSVTASKLEKILKEVAKEIEEKFGVKVEIEMSSTVYAGHDEDWVYYEFKLTAEVEKEKVEEIVEEIKKKLEEELKKEGIDAKLEYEVEVEEL
dTF009_465_4,MKFELRIFIKAPKSVKASEVEELLRKIVEELSKKTGIKIIFKPEVKVYATADPDTILLEFTVELEASEETAKEIAEEIKKKLEEWFKKKGLDVEVEVELKKIEE
dTF009_465_5,MKAILKITILVDKSVKASDIAKLIKEIVEELSKKTGLKINFKEEVEVYATADPDKILLTFTIEVYGSEEKVREIAKELKEKLEEEFKKKGIDAEVEVEIEFIEL
dTF009_481_0,MVLKYTITVTAPVSLKASELKKLLEEKLKEISKETGVKISLEVDKTVYQMDDPDKVGFVFNVTIETKEEDIEEVEKRLEEALEEVKKELGEDIEVEVEKKEEKL
dTF009_481_1,MILKATITVTAPRSLKSSELYKLLEEELKKLSEKLGVKISLKQASFVYEMPDEDKVGYVFYVEIETAKEDLEKVKEELEKLLEEVKKKLGKDIEVEVEYKVEEL
dTF009_60_3,MKIVITVYIEVDESVKASTIEKIVGEAAKKLEKETGLKVEYKMASTVYAAAEPGMVILEVTVTIETPKEKAEEVVEKLKKELEKLFKEAGIDAKLSYEVKLEEL
dTF009_64_0,MKYKFTITITAPKSVKASDLKKLIEEAVKEVSKKFGLEITLENDITVYEAPEEGKVVFTFTIIAEAPEEKVEEIKKLLKETLEKLLKEAGLDAEVEIEVEKIEE
dTF009_64_6,MLFRFTITITAPVSVKASDLLKIVEEAVKEVSKKFGVKITLKNKVTTYEHHEEGKVVFEFEIEVEAEEEKLEEIKELLEKKLKELLKKAGIDAEVEIEVEKIEK
dTF009_82_3,MKVEITIEFTADRSVKASELKEIVREAAEKLRKETGLEVIVEENVTVYQLADPDKILLTFVLYVETEEKEIEKVVKKLKETLEELLKEKGLDEKVEVEIKVKVY
dTF010_124_7,MKIKVEIIIRLGPGAKEEEARAKVEELIEEMEKKSGKKIEYKIEVMTVVTEEGEYVLVKIKIEAEIEKEEFEKLIKEFIEKLRAWAAEKGLEVEIEVKIEVIEE
dTF011_131_5,MLYRIEIIITVPRTTDISKLLAAVKETVKEVAEEFGAEVEILDDVKVYRTEDGENIVITMYALVRIEEEKKEEFFEALKEALEETLKELGIDGELELRVEELEE
dTF011_143_2,MKAILKITITTKKIINVKTFKKELEEELKKISEETGLKIELKFDKTVYRGEDGKTITYEITVTIEGEEEKLKEVVEKIKKIVEEILKKLGVEAKIEYKVEYIEL
dTF011_150_4,MKLRITVEVTVPRTTDLRTIHAVMERVRAELEAETGVPVALERDPTVYRSQDGEQITLRYTLTLETDLADAPAVAERVRRLLEAGLAEAGIDAEVRLELEVIEE
dTF011_171_5,MTYRLRITITMPHSVSAAPLIELVKRILEEALRELGYDGEVELTVAVYASPDYSKIVLEITAELRVPRELAEELARRVRERLLEELERLGLPFEVEVSLEEVED
dTF011_177_0,MKLKVTLWITAPKSVKASTLLAIIKDVVAELEAETGVKITLDENITTYQTDDPDLVLRTYTLSIEGDRELAEKIVERFKARLEARLAAKGIDAKIEFEIEWIEE
dTF011_177_5,MKAEVTIWITAKKSVKASDIEEIIEEVVKELEKETGLKIEVDKDIETYQTDDPDLVLRTYKITIEGEKEEIDKIIERFVKRLKERFKEKGYDVEIETEVEYIEE
dTF011_190_3,MKIVIKVTVKAPLSVKNSTIKEIIEEVAKEIEEKYGVKVTVKDSGITYASLDYSYKYFEFTVEIEAPKEKAEEIVEEFKKLLKEKFKKKGLNLEIEYEVEYIED
dTF011_217_4,MRVRVTIWLTTHRSVKYSDLLAIIREAAAALAAETGAAVRVVEDPKVYRLDDPDLVARTERVEIEAPEADVDALVARFEATLRAAFAAAGIDAEVELEVERFRD
dTF011_222_2,MLLKIKIYITAPVTVNLSPIIEKVKEIIKEIAKKYGYKVKIKVDSVVYRLPDYKNVELVIEVEVEIKEEDAEKFIKELKERLEKYFKEKGSSFKVEIESELIKL
dTF011_224_4,MRAEVTLTVTAPKTVKNSELQAIIEEVAAEISARTGVEITVSDSGVTYRAPDGKTVIREFNITIRGPKEELPAIIAEFEAALKARFKEKGLPAEVEVEVKYYED
dTF011_226_5,MLYKITIWVKVDTSTKASEIEAIVEEAVKEVEKETGIKIEYKKNPVTYMATDYKHKWFSFEIYIEVEEEEAKKIAERLEKRLKELFKKKGIDAEVEIEIEKIEL
dTF011_228_0,MKNVIKVTITMPVSVDVKKVVELVKEEIERALKELGIDAKVTESKEIKVYAREGKVVLEIEYTVDLELEDTKKLAELVEKRLKERFKEEGLPVEVKIEVEVIEE
dTF011_235_6,KTVKITVTITVPLSVPASLLEAIVKEVIDEIKKKFPSVKSASSSIEVRQSPDGSKGTLVATIEITTDEKDKEAVIKAVEETLKKKLEEAGIDAEIEISVEVIED
dTF011_252_0,EKLVLTITITADKSVKASELYAIIEEVAAEIERETGLRMTVSMAPYVYRTEDPDKIIREFTVTLEGPREELDAAADRFEERLLERLKEKGLNVEVEFEREWVPV
dTF011_252_4,EKLVLTITVTAPKSVSASELLKIIEEVAKELEEETGVKVTVSQASYVYRTSDPDKVIREFTVTIEGEREKNLEIAERFIKRLKERLKEKGLTVEIEVELEWIPE
dTF011_257_5,MKFRFTIWVTTDRSVKASEIKEIIKKAVEEVEKETGIEIKVEEKPVTYRMADPDKVGFTFELYLEGEPEKAEEVRKLLEKKLKEEFKKKGINAEIEVEVEEEEL
dTF011_257_7,MLFEITITITTDRSVKASTIIAIVEEAVAEVSARSGVEITVEVNPVTYQAADPDKVIRTYTLLLEGDPETAREIVAELEELLKARFKELGIDAEVELEVREIEL
dTF011_287_2,MKVKVTVYIETDISVKASELFKIVEEAAKEISEKTGVKIEVSREDYVYRSLEEGKVIFVFNVTIYTEKEKADEIVNEFMKLLKEKFKKKGIKAKIEYEVEYIEE
dTF011_287_3,MLAEVTVYVTTDISVKASDLFAIIQEVAAEISERTGVTVTVSQESYVYRAPEEGKVIFVFRVRIEAPEAELPALIAEFEARLKAAFAAAGIKAEIETEVRLIEL
dTF011_341_4,MRYRVTVHVLVDKSVKASDILAILEEVVEELSRETGVEIRLIPDVVTYQAEDPDKIWMTFELELRAEPELAEEIIARFEERLRERFKERGIEAEIEVEVEAEEE
dTF011_363_0,MKMIVTITITVPYSVKASDIYKILKEIAEELSKETGLKVKVLDDIVTRASTDYSKVVFEFKVEIEGEKEEALKIAEELKERLKERFAAEGIDAEIELETEFIEE
dTF011_363_4,MKMVATLTITVPPSVKASDILEILEKIAKELSEKTGLKVRVLPEIETRASTDYSKVVYTFKIEIEGEKEEIEKIVEEIKKRLQEEFKKKGIEAELEVEKEFIEE
dTF011_375_7,TKVEIKITITADRSVKASTLEEIIKEAVEKIEKETGIKVEYSMSKTVYVNYETGKIYREYTLKLETKEEDVEKIVELIKKELEKLFKEKGLDVEIEYEVKVEKL
dTF011_389_6,TRITVTVWLTVPRTVKASELRALVERAAAALEAETGLTVEVAFDPVVYRHPDPDLVVRRATVTVEAPAERVAAVVARLRATLEREFAEAGLEVELEVEVEVEEL
dTF011_412_0,TLLEITITIKMHRTENVKEILKLVKETIKEVAKKFGLKVEIEVEKTVRVSADGKYIYVEIYAKLEVEKEKAKEIVEEIEKALKEKFKEAGYNVEVEIEVKIIEL
dTF011_412_3,MLVEIKITIKIPRSEDVKEVIDLVKETIKEVFKKKGLEVEISVSKTVRVSADGENIYVEIYVKTLAKKEDVEEIVKELKEALEKKFKEAGINAEIEIEVKVIEL
dTF011_436_6,MKVKITVYIEAPPSVKASTILKIIEEAAKEVSEKFGVKVEVEKDIVTYRSLDYKNVIFTYKITVEAEKEKVEEIIKYFEEKLKELFKKEGIDAKIELEVEIEET
dTF011_441_0,KLIKITIEITVPISVDLGEIIELVKKFVEEALKKLGLKTKVEVSVDVYQAEESGKVVLVIELTLEVELEDAEKIAKEVEKKLKEYFKEKGIEAEIKVSIEEIEL
dTF011_441_3,MKIKITIEITAPISVDFGEIIEKIKQFFEEALKELGINSKVEFSVSVYQHETPGKVVLVIEATLEIDLEKAEEIVKRVREKLQKWFAEQGIKAEIEFSIEKIEL
dTF011_444_6,TLVKITIWVTAPKSVKASDILEIIKEAVKELSEETGLPFRLIEDVVTYAMADPDKVSFSFQVEVLAAPEDVEAIVERLKELLKKKFKEKGIDAEIELEVEVFEL
dTF011_450_2,MRVRITVTIKTKEIIKASEILKILKEVAEELSKETGLEIRVREDFEVYVDLESGYIYYTAEIEAEAPEEEVEALVERLKELLEKKFKEKGINAEVELEVEVFED
dTF011_457_4,TLHVIRITIKIKDISKVPDLINKTKEIIAETLKELGEDSEVELEVEVYRHHDGKEVVIVITATTDLPLELTEEMAKRIEERLKEWAKEKGIDAEIEVEIEEIEL
dTF011_459_1,TRVEVTITITAPPSVKASEIEKIVKEAAERVEKETGLKLEVEFSPEVYRTLDGKNVIREVKVTFEVEEADVPAVVELLKKTLEELFKKRGLDLELEFEVKVEEL
dTF011_466_0,TKVTITVEITTDYSVKQSTIEAIIEKAVAALEAETGLEVTVSFDSVVYATPDYTKVIRTATLTLEAEEEDVEEIVERFEELLREGFKEAGIDAEIELEVEVEEL
dTF011_466_1,TKVIIKVWITTDYSVKASTLKAILEKTKKALEKKYGIKVEVKMDDVVYATPDYTKVIREFTLTLEAKEEDVEEIVKEFKELLEKNFKEAGIEAEIEIEVKVEKL
dTF011_478_6,MRHRIRITLEHHRSVNTKELLEKVKEIILESAEKHGIKVEVSVDPTVRRGPDYTTVYTEIYVEVEADEETLEEFVKDFKERFEAWAKEKGWDVKLEIEVEVEEE
dTF011_481_1,MKVKITIDILAPRSVNVGELIKDVKEIVEEELKELGINEEIKIEVSVYQTDDPNLLRIRITIELEIEEEDAEKLAERLKERLLERAKEKGIEIEVEIELEYEEL
dTF011_481_4,MKVKITITITAPRSVNVKEIIEIVKKIVEEELKKAGINEEIEYEVDVYQTDDSTKLRIVVTITLEVDKETAEKIAKNLKERLLEEMKKKGIEVEIEIELEYEEL
dTF011_494_2,MKVEIKITLTVPVGTNLGPAIAIIEEVVKELAAKYGVEVKIEVEPTVYRAPDGKTVILEITVYLEMEKEKVEEFVKELEERIKEALAKAGIPAKVEIEVKYIEE
dTF011_59_1,MKVTVTITITTDISVKASTILKILKEAVAEISKKTGYKVTLIEDIVTYRAADPNKVVLTFKVEIEAEKEDIEAIVKEFEKLVREKLEKEGIKAEIELEVEEEEL
dTF011_59_6,EKVKITITITTKKTVKNSLILEIIKEAVEELSKETGYPIKLIENVKTYAHADPDLVVFTYEVEIEAPKEDVEKIVEEFKKRVEEKLKEKGIDAKIELEVEIFEK
dTF011_76_2,MLIKITIWIKSPLDVKASEIIELVKEIAEKELEELGIKVEIEISSEVYQTDDPTKKLLKITLKLELPLEDAKKLAERLEERLKKRFKEEGLDVEIEIELEEIEL
dTF012_106_0,MKIRLTVAVTVPSSVTGEELEEIIKKALEEIEKKFGVKAELVRRVGYYESTTEETQVVGYEIEIEAEKEKIEEIIEEFKKKLLELFKEKGIEAEIDVHSEVIEE
dTF012_122_2,MKYKVILYIEADGSVTFEEIEEWVREAVKEVSEKFGVKIEVETRSVAYEKDSDDVTGVRVELFIEAEKEVVEKAVKELVERLEERFREKGVRVRIDVHIEEIEE
dTF012_123_7,YILKADVVITAPGSVTREELEALVEEIAERIEKETGAKVSVESYPYVYESTPAEETVARLKITIETEDGSVEEILQRFLEELRRRMAERGVEVEIDVHVEIEEL
dTF012_129_4,SKFRITVVITAPKSVTDEELEELLKEAAEELEKKTGVKVEYELLPVIYESSTDDKIIRKAIVEIEAEEKDLEKIVEEFKKTLLKLAKEKGIDAEFELHVEKIKE
dTF012_15_5,MKAKVVIEIELPPGVSFEEAKKLIEEIIEEVAKKMGLEVKYEISHVARESLDADTLVVRVVIEIEGEKEKIEEFIKEFLKKLKEEFAKRGWKAKIDVHVEYEEL
dTF012_168_5,MINVYELVITVPKSVTLEELKKLVEEIVKEIEEKSGVKIEVEVRHREYEGTEESENTFVVTIKIEAPEELAKKMIKEFIEKLKEIYKKKGYEVKIEVHEEKIEL
dTF012_174_6,MKLIIEAVIRADGSVTFEQVEEIVKKVIEELEKKTGLKIEYELEHVAYEKDPASELVVRLTITIETPEEQVEEVIKLFKELLKKEFEKAGIKAEIEWKIEVEKL
dTF012_196_1,MIYKYTIYITIEGGMTFEEAKEIIKEVVEEISKELGIEVKVEIEHVVYETMEEGETGIKVTLELEAEEEVADKFVEELIKRIKEKMAELGKKVSIDVKKEKVEK
dTF012_215_3,MKLVAEIVITLPKSVTGEELEAVLKEVAEEVSKETGLKIEVKILPGEYEGASLDKQQRKVIVEIEGEKEKAEEALERFLERLRERFAKLGIEVELEVKKEVIEE
dTF012_245_2,MKMEVEIYITADSRLTFEEAKEIVEEVVKEVEKETGVKIEVEVERVAYEKDPADKLGLKVKITIEGEKEKIEEIKKRFLELLKEKFKKKGYEVEIEVKEKYYEL
dTF012_252_2,KMKRVTITVSLSSKVTTEDMEEIAEEVKKALEEYTGKKVEVRILPYTYEGAPEGEDWSVIEIRLDLPEEEIEEVVELVEKKVKDLLKKKGIDAEVKIDVEVEEL
dTF012_26_3,MKMILEIYITASKDVTFEELKEIVEEVVEEVSKESGVELKVEIERVEYEKMDAEETGMKVVIEAEADRETLEKIEKRFLELLKKKFEERGIEVEIEVKKYYEEL
dTF012_274_4,MELEIIIYIELDKSVTREEVEEIVKKVREKLEKETGLKFEVEVESVAYEKMPLDKVGFKIVIRVEVPEEKIEEVVKLIKELLEKELKEAGIEAELEYEVKVIEK
dTF012_313_7,MIVKLEVALEVPKSVTSEELEEILKEVTKELEEKTGLKIEAKLLPVHYEASTPDTQIRKVEVIVEAEEEKVEEIEELFKKLIEEEFAKKGYEVKVDIHSKIIKK
dTF012_341_1,MKYKVKITIYIESDASFEELEKLVKNIVKKLEEKTGIKINVKIERVAYEKMDPSKTGIKVVIEAEIEEEKVEEFIELFKKLLEEELKKAGIKAKVDIKVEVEKL
dTF012_345_3,MIMKVTLVVEVPKSVTREELLKLLEEVAKEIEKETGLKIEVEAEPTVYESSTEETLIMKFIVKIEGEKEESLKALEEMIKKLKERMKKLGIEVKIESHVEFIED
dTF012_363_5,MKVKITLAITVPKSVTDKEITEILEEVAKEISEKTGYKVEVKLLPTIYEGSTEDKQIIKAEVVIETPEEEAEKIIEEFLELVKKRFKEKGIDVEIDAHVEKEKL
dTF012_393_4,SKIEIDIVITVDKSVTGEELEKILQKAAEKLEKETGLKVEVELLPVEYEASTEDKQIRKAKVIIETPEEKIEEVIKKFKEILEEEFKEAGIEAELEYHVKVYKL
dTF012_421_1,MRFRITAVIKVPKEVTFEELEEILKEAAKEIEKETGYKIEVEVLPSVYESSTEDTQYVKVVITIETPKEKLEEVIKRFEEKVKELLKEKGINGELEIDRHVEEL
dTF012_423_5,YELILTLVIRLPGEVSFEEAKELIEEVVKEVEEETGKKIEVEIRSVAYEGDDVDEVTLKVTVKIEGEKEENEKIAKLFIEKLEERFKKLGIKAEIDYHIEYKEL
dTF012_423_7,YRLTITLVIITDGSVSEEELKKLIEEVVKEVEKKTGVKLEVEIESVAYENDDSSNVTLKVTVRIEGEREKNEEIAKLFLEELEKRFKKLGIKAEIDSHLEFEEL
dTF012_424_3,MVHRFTIVLTMPSSVTDEELREWLERVAREAEREFGVRVRVRLEPYVYESTTEDTQVRRAVLEAEIPREQVPALVELIRRRLEELARERGLEVEVEIHVEELEV
dTF012_424_5,MLYEFTIVIEMPSSVTGEELKEWLEKVAKKAEEKFGVKVEVEVHPYVYESTTEETQVRKATFKAEIEEEKIPEFIELMKEELEKLAKEKGWEVKIDIKYEKIEL
dTF012_43_2,MKVRVLVALTLPKSVTGEELEKELKEIAKEIEEKTGLKVEVELLPYHYESTTEETQVVGLVVELEGEKEEIEKALEEFEKKLKERFKKKGYELEIDSVVEEVEE
dTF012_451_2,MISLGELVITASGGVSASYLKELVREAIEEEAKERGLEIKYEIETVAYESLGPDEVAIRVTLEGEVSIEELKEFMEEVVERVEKRLKEEGSEAELEFEMKYREL
dTF012_466_0,MLYKIEIYLTTPGSVTFEEVKEIVEEVVKEVEKKFGIKLEVEVEKVAYEKDDVDELGVKVTITIEASEETAKKIEKEFVKLLKEKFKKKGVEVKIETKIEKIEK
dTF012_484_5,MVTVLEVVIRAEPGVTFAEVEELVREAVKEVEEETGIELEVEIERVAYENDTEDEVGLRVTVRLRVEKEEAEEIVKRFLEVLREKFREAGIRVEIESKVEYVEE
dTF012_58_7,MKHVAKLVLTFEKGVTFEEAKKLIEEIVEKIKKKTGEKVELKVERVAYEKDDASKTTLKVTLTSEAEESKFKEIVNELIEELKKWAEEKGVKLEIDSIFEKVEL
dTF012_75_5,DILKLTLYVELPGSISFEEFEKKVKEIAKKLEKETGLKIKVKVERVEYEKMDLDKVGVRVEIEIEGEKEKSLEAAERFLKELEEWFKELGVEAEIESHLEIIEK
dTF012_75_6,DILEAEIYIELPGSVSFEEFKKKVEEIAKELEKETGLKIKVEVEHVEYEKMDLDKVGIKVKITIEGEKEKSLEAYERFLKKIEEWAKEKGVEIKIETHIKIIEK
dTF012_91_5,SLVTITILIKASGSVTFEKIEKIVKEVAKELEEKTGLKIEVETERVAYEKDGDDEVVVRVTVKIYVEKEKAEEIAKEFIELLKEKFKEEGLDVEIESEVEIEEL
dTF012_95_1,MKNVATVLLEVPKSVTLEEVKKIVEEAVKEVEEETGIKIKYSVERVEYEGLPLDKQGFKIILESETEEEKFKEAVEKILERIKEKFKKKGIEVEIEVQYESYEL
dTF013_124_4,TQTVTAPLPSGPSWVKITLNDDGSWTLTVLPKEEGDKILKSLAVDGQSYYTEVDGRYVVIDQETKSLYFEVEADEEFTLNIGDITITVTKGKVTVTKKL
dTF013_124_7,TQTVTKELPDGESGVKITLNSDGTWTLEVLPKEEFDKILKSLAVDGQTYYTEADGKYIVIDTETKSLYFYVEADEEFTLHIGDITIIQEKGKVTVIKEI
dTF013_128_0,TETATATLGSGENVIKVTLNDDGSITLTVTPLEEYEKKRKEEYDDSLPYVTEKNGRYLEIDNETKSMYVTTTASDSFTITLSDLTLTVTPTTATVTKTL
dTF013_129_3,TTTQTLATKEGKFVVKITLNSDGTITVEVMEEEEYLKELDEKYGESERYVTEKDGLFIEIDNEANTMAIFAEAGESKTLEFSNITVKIEPGKVTVTKTD
dTF013_134_7,TVTKTKALKPDDKWLKLTLNPDGTVTLEALTREEMEKLLEELGLTEAYTIDPDNGKYVRIDNEKGIMFVEVEYGETVTMNFGNLTLTVTPGKATATLTK
dTF013_140_4,TETITLDLPPGPAAIVITLNDDGTVTVEVLPLEEKRKELEKKYGEKTFYHTEVNGLFVYIDNEEKTAIIETDPDQVATLKINNITIEIKPGKVTVTVEK
dTF013_140_5,TETITLKLPEGEATIIIKLNEDGTIDVEVKPLEETEKELKEKYGEETFYHTYVNGLYLYIDNESKTAYITTKPDQVATIKINNITIEIKKGEVKVTVEK
dTF013_159_3,TVTATAPLGPEPLWAKVELQADGSWAVSILPEAEARAELLELHGEEKVYHTEVDTVTVYIDNEAGIMYIELNSPEPQTVTLPNVTIVREPGRLTITYTE
dTF013_166_3,TKTVTKKRKPEDDIVVVSVADDGTVKVEFVTREEYEEWLKKNFTGSERYHTLYKGAYLEYIQIDGTNYMVMSAKDEITLTSPGLTITVTKDEAKLVKTS
dTF013_173_4,KLVKEFEPFEGEVVVIIKKNEDGSWEVEVMPLEEYRKKILEEYDGEKEPHTEVKGAFVRIDNESKEAYIELKKGEKLEIEIDGVKVTIDTAKGKVEIEE
dTF013_175_2,TTTLTFPMPETPVAVVITLNDDGTVNVEIMPLEEYEEKRAKEYLPDERYVTEKNGAFIEIDNENKTAVIYLKPGESLTVELDNVTIEVTPDEITVTINS
dTF013_175_3,TTTLTFPMPPVPVTIVVKKNSDGTYTVEIMPLEEHEKELAKEYLPDERYVTEVNGAFVEIDNEKNTAYIEVKPGESLTVEIDNVTITVTPDTITVTITT
dTF013_176_4,TVVKTAEKLPGENIIKVTLKEDGTIELEVMPLEEGLKILRNEELIETHTYDEASGNYIYIDQENKKLFLEVSQDDEFTLELSDLTIEVTKEKVTAIKKL
dTF013_183_0,TTTKTFEIKGSGTVINVQIDPNTSITIIINTKEEVDKEAKKLVTEKGMGYTEENGADVYVDTETNTMVILVEEDKEVTIELDNVKIEITKDKITVTITT
dTF013_183_1,TKTKTFKIEKSGDKFNVQIDPNTSITIIINDKEEVDKEAKYLRTEEGYGYTEYNGADVYINPEKGEAVILVEKDKEVTIEMDNVKVTITKDEITVTITE
dTF013_209_7,TNTKEAKLKSEDDVVIIKLNDDGTVELEVIPREEYEEKLKKEYLDDERYVTEVKGVFIEIDVEDGTIAIYDVSKLKEEIKLGTLVVEVKDGTVIVTNIS
dTF013_210_6,TVTVTVPVKPEDTVLKITLNSDGSLTLETMTEEEYEKQLKKEYTDDERYVTEVDGYYVEIDNESKTLTVFLDASKEATITMGDLTLKQTPTTATVTKTS
dTF013_216_1,TQTVEKEGVKDGYGIKLTINADGTLELEVISPEEWKKIQETEIKDSYYTIDPKTGNYVYIDNEKKSLYIEVKESDKVLFESSDVKLTLENGKVIATKTV
dTF013_254_4,MKTTELKMPEEKSIVKITLNDDGSIKVEVMPVEEGRKELIERFGAEKLPYTEKNGLFVIIDSEEKTMYIEVEKGKEATLETSDLTIKVTKDGTITVTEK
dTF013_272_1,SNTVTKARPAEPSVIIVTINSDGSLSLEVLPKEEYEAKEKEEYDDSEKYVTLYNGKFVRIDAETKTLSLEVKPGESWTLETSDIRIVVTPDTVTVTSLE
dTF013_279_1,TQIVTKELKEEKSVVKITLNPDGTVTLEVLPVEEFKKELLEKYGEETWPHTYVNGLYFYIDSEENTMYVEVKKGEKATIEMSDITLEITPGKVTVTKKL
dTF013_28_7,TKKFEMKAKPEKTTVKISFKENGEVEVEVMEEEEMLKELKEKYSEIYYTTVERNGATVDIVIIDGTLYISFKTEDDFELELDNIKVIHKGDKVTVEVEL
dTF013_2_0,STTITKALPEGTSYIKLTLNDDGTVTLEIISAAEMEKILEELAIDGGVYYTTVNGLDIVIDNEKKTAYISVAASTDATLTISDVTLTVNASSGTVTATK
dTF013_2_4,TTTITKALPAGTAWIKLTLNDDGTVTLEILSKAEAEAILAELAIDGGVYYTEVGGKFVVIDNEKKTAYIEVAASDDFTLTISDVTLTVNAATGTVTATK
dTF013_307_0,TKTATAKLPAGEAGIKISLKSDGTVELEVIPLEEFDKFVKENVSHVTTVKSEFTGKEVDLYYYEGAMYLKVHSSETFKLKLSDLEIIVTPGTVTVIKYT
dTF013_307_3,TITATAKLPAGKSVVKVTLNEDGTVELEIIPLEEGEKFFKENVSHVTTVTSPETGKTVDLWYYDGAMYFEVEAGETLTLTTSDLVIKVTPGTVTVTKIV
dTF013_331_2,TQTRTAPMGAGPSVVRVTLNDDGTVTLEVMPLEEYREEERKRYDDSPRYVTFVNGLPIEIDNEEKTMYIEAQPGQTATIEMSGLTVTITPTTVTVTKTV
dTF013_331_3,TQTKTAARGDGPSVIKVTLSDDGTVTLEVKPLEEYEKERAKEYDDSPSYVTEVNGLFIEIDNEKKTMYIYAEPGQTATIEMTGLTVEITPDTVTVTKTV
dTF013_332_3,TDTVTAELKNEEEVVKIKLNSDGTLTLTVMPPEEFEKELDEKYIGEERYVTEENGLFIEIDNEEGTVYIYVKRGETATLTLNDITITITPGKVTVTRTK
dTF013_332_6,TYTKTAELEEERSVVVIKLNEDGTLELKVMSPEEYEAELDEKYIGEDRYVTEVNGLFIEIDNEEGTVYIEVERGLEATIELGNITVKITPGKVTVTRKV
dTF013_362_3,TTTATKKIEGEESILFVFNVKTGKVTIEALSKEEALKKLEELLGVKKPYHTEVNGYTVYIDNERGTMYVLASKDNKETLEFSNITVSIKDGVATAKLTT
dTF013_366_3,TVTKTAELKHEKEVVTVQVNADGTVTLKVTPVEEYEEELKKKYLDKERYVTEVDGRYIEIDNETGSITFEVEKDEEATIKLPNLTIKVEKGKVTVTKTT
dTF013_386_4,TVTKEAARPAGDSVIKITVNDDGTLTLEVMPLSEYRAEQEALYPGELDYVTEVNGLFVRIDNETKTLYIETSAGQSATLTFGNLTVEITPGKVTATLTK
dTF013_388_4,MKIFELPEIEGEVIIEIKKNEDGSYEVKVLPLEEGDKIIRERFGADKVPYTIADGYYVYIDNEEKTLWIKVEADEEKTINLNNITIKITKNKITVEIEV
dTF013_406_2,TVTATKAKPAGESTVVLSVNSDGTVTLEVLPKEEYEAEYRKRYDDSLPYYTEVDGVYIYFDSDTGTAYFDTAPGETKTITLGNITVTVTPGAVTATLTK
dTF013_407_7,VTIKTLEKTPTSSVVEVTLDGKKTITINLMDEEELLKRYKEKYGESKVYHTVVDDAFIVIDQENGTVDITLPEGKTVTVEFDGLTVTANATTKELTVTA
dTF013_40_1,TVTRTAPKLPGRSAVVVTLKEDGSLELEVLPLEEYEAQEREEYDDGERYVTLVDGRYIEIDNEKKTVVFYTDADDVFTITLDGITITVTPGEVTATKTL
dTF013_411_6,TVTVEAELPEGPSLITITLNSDGTVTLKVEPLEEGLKRLLEEEGISHYTVVTSSGITFYVYLIDNTMYIEAHASDEATIKTSDLTIEIKKGKVTVTYKA
dTF013_436_4,TVTATAALPAGESVIVVTLNDDGTVTLEVLPKAEYDARRAAEYTDGEVYRTLVDGRYVEIDNETKTMTLTVTADDTFTLTMSDLTLTVTPGSVTVTRTL
dTF013_436_6,TVTATAALGPGKSVVVVTLNDDGTVTLEVLPVEEYKAKEAEEYDDGEKYVTEIDGRYVEIDNETKTLTFEVTADETFTLNMSDITVTVTPGKVTVTKTL
dTF013_85_0,TQTVEAKMEHEEEVVKVTLDDDGTITLEVKPVEEFEKEWKEKYTEELEYVTTHNGLDIIIDNEEKTAYFRVKQGETFTLKLGNITVTVTPGKVTAVLEK
dTF013_85_2,TQTVTAEMKYPEEVVTVTLSDSGTITLEVKSVEEYEKEWKETYTEDLRYTTLYNGKYIEIDNEAKTAYFVVKQGETFTLTLGNITVTVTPGTVTATLTT
dTF014_117_1,TIEVVLPAHEGRNVVVITINKDGSVKVEVVSLEDYEKWIKENYKPEEVLRLQTNGVTIDIVEKDGTTILAFELEVGQKLVLDNITIEVTEKEVKVTINL
dTF014_122_5,TVVAEAALPPGRAWVKVTLNPDGSVVVEVLSGAEADALLAELSKKHNVTRLNVQGITIDYDEETGTVFLEVEAGEERTLKLPDIEIEVRPGRVVATRTL
dTF014_122_6,TVTATLPLPAGRVVVKVELLPDGSVKVTVLSREEGDKLLAELEKEHTVLRLNVQGVIIDYDFETGTYYFEVEAGEELTLSLPDITVVVRPGEVTATRTL
dTF014_136_2,TSTVEKDITEENNAVKIKVNEDGKVEVEVLPEEEFIEELKKKYPGEEFYRIRKDGVDIIIDYESGEIYLFFKKSNNVTLNIHDITVTFTPDKVTVTLTK
dTF014_136_7,TSTVTLPITEEETAVEITVNSSGEVTATVSPLEEWEKRYKEEYPGEEFYRIRKDGVDIHIDFESGKIYLYFSKDNETTLNIHNLTVTFTKDTVTVTLTQ
dTF014_173_1,TKTVTLPRPEGPFTVRVSLNEDGSVKAEVMTEEEGIERLKEIFKGEELYRMRHKGVDIIIDYETGEYFLFADASLETTITIDNITIEFTKDTVTVTLNS
dTF014_173_2,VDERVLPRLPGETVVRVRLLKSGKVEAEVMSLEEGIERLKEIFEGEELYVMRHKGLDIIIDYETGEIFLFADASTVTTLTIGNLTVKFSEKEVTVILHK
dTF014_191_1,TKVAKVKLKNKREMVEITINSDGTITVKVLPVEEAEKRLKELRESEGLVRMKVNGLIIDYDPKTGTIYFLVEDSDNKTYNINNLTIILKPGEVEVILNL
dTF014_249_7,TTTKELTIKSSSETVLIVARKDGTLELTLMSEEEAVEKAKKLLGGKELLTLKVKGTILSYGEVDGLLIVLMDATDLSTVTVNGLTIIGEPGKVTAIRHD
dTF014_269_0,TLTAKATLGPGKELVRVSLNADGSLVVEVLPVEEGEKLLKERREKETVETLLVNGVLVTINWDTGEYYLLASYGESLTVNLPGIKIEVKPGEVTATVTL
dTF014_269_5,TLTAEAELGPGEELVEVSLAASGELVVRVLPVEEGLKLLKERRKKHTTETLNVNGQLVTVDWDTGSYYFLARYGESATINLPNLTIEVLPGKVVATLTL
dTF014_275_1,EDVVELELPEGESAIKIKVNKDGKIEAEVMPAEEALEELKKRHKGEEMYVIRVNGVDVYIDYETGEYYIFAEAGTEAEITLDGVKVVIKPGKVTVTRKN
dTF014_275_6,KDVVELPTGPGENAVRIRVEKDGKVVAEVLPAEEALKRLRERYPGEEMYVIERDGARVHIDYETGEWYVFFRAGLAATLTLDGLTVTIEPGRVTVEREN
dTF014_313_6,TLVLEKELPKGKSFVKVKENKDGTITVEVLPLSEAEKLIKERRETGNVETLNVQGTIIVYDYDTNEYYIEVNYSEEKTLEIDNLKIEVKPGKVIVTKTF
dTF014_323_6,TIVKKAKIEEENSVVVVKVNKDGKVTVEVLSEEEADKLIKERFKGKEVYTLNVQGVKVIIDEEENIYFLSVKKSENATLKIDNITIKVENGEVTVTLEL
dTF014_349_6,VDEHELPAYEGYNVIKIEKLEDGKAKVTVMTEEEADKIFEEKKKKEELYVLNVNGVKVIIDEESGVIYVFVDSSKSETFELNGITIKVTPDKITVTVKT
dTF014_34_7,VVKKSADLGPGLSTVIIEVNEDGTVNVKVVPVEEGEKEIKERFKGEETYTLLVKGVKVIIDEESGKIYLLVEPSQETTLKIGNITITFKKGKVEVTLEN
dTF014_356_1,TTVVEATAKDPSEVFLVKITDSGKVEVKVMSEEEAVEYLKKEMKGEELYRIRIDGVDVYVDEKTGTTYYLASYSTVATLSLPGVTITFTEGKVTVTVTS
dTF014_356_5,VKVVTGEAKEPSEVFLVEIGDDGTVRVSVMSEEEAVEYLRKINEGEELYYIRKDGIDIYVDDRSGKTFYLADYSTVATLELPGVKIVFTEGKAEVTVTE
dTF014_359_4,TTVLEAERPPEDAYLLVKINKDGSISVEFLSEEELEELLNKEAGGEELYRIVINGADVFITPNATYYVVKVKSEEELTIELPGLKIEVTPEKATVTVVE
dTF014_362_5,MDVVEKELPEGKSTIKVKINKDGKVVVEVKPEEEAIEELKKINKDEPLYTLRTDGVDVIIDEKTGEYYIFTEYEEEKTLKLGNVTVEIKKGKVKVTVHN
dTF014_373_5,VSVATASLPKGRSLIRVYKAEDGSVVVEVLPVEEGDKRLKEKYKNEELYRLNVQGTNIIVDEESGEIYLDVDYSESRTLTLDGLTIEVKPGKVTATLEE
dTF014_376_1,TDVAKKKLPKGKSVVVIKVNEDGKVELEVKSVEEYDKELKKRIKEPYMLRTEVDGITIYYVPETGEYIVEVDYSDEGKASLDGLELEIKPGEVVATLTK
dTF014_428_5,TTVIELDLKSDDDVLRIRVNKDGSVEAEIINEEEALERLKELLKDEEPYRIRLGGVDIIIDYKSGEYFLFVEKSKSATVKIGNITVKFEPGKVTVTLEN
dTF014_441_2,TTVVTLDLPAETSVLRVREDADGTITAEVLPVEEAEEYFRELRKKEPLYTYNVSGVKVVEDEATGEWYLEVRPGQSATLTLGNLTITVDAASGTVTVTR
dTF014_468_0,VEVLTRTYKEEGEYSVVVVRKDGSVTLSWMSEEEVDAFLKELFEGEEIYRMVTDGVESYIDYEKGITIYISPQSFVGTVELPNLKIVNTPTTSTVTVYK
dTF014_468_4,VETLTKTFTEEGQWALVEVSKDGTVNLSWLSQEEVDEYLKKVFKGKETYRMVTDGFESYIDYESGKTFYIAPQSLVKTLKLDNLEIILTPTTLTVKKYS
dTF014_486_4,VTTAVAELPEEPAIIEVEVLPDGSVVVRVLPLEEGLERLKELREKENLETLLVQGQIIVYNPETGRIFLEVEPGEELSLKVNNLEIRVTPGKVEVILHN
dTF014_53_2,VDRKRVKLEEEESAVRIRVNEDGKVEVEVLPVEEAWERAKKETGEEELPVFVVKGLRVFIDEERGEILIEVKKGQNVELEIGDLLVRLTGDEVEVIRYR
dTF014_72_0,MKVETLELSPEDKYVLVTVEKSGKITVEELSEEELAEKLKEIFKNEPVYRIRYKGLDVYIDYESGVTLYIAPNSEIKKYKINNLEIEITPEKAIVTLYE
dTF014_75_2,MITKTVKLKPEDTYLMVIVEKSGNVTLEALTEEELVKRLEEIAPGEELYRFEIDGVEVYILPETGKTIYIVPVSDLNTYTIGNLTIEVSPTTATVTLNL
dTF014_75_6,VIVKELEIKPEDTLLLVEVSESGEVELRGLTEEELDAYLEEIAPGEELYRFRLNGVEVYILPETGKTLYIVPVSDLSTYRIGNLTITITPTKATVTLNL
dTF015_111_3,TATATAPKLAGPTALRIRVNADGTLEVEVGPEDEVWAELKKRYGELYYVYDAAAGAWVSLDEETGELYVSFAASTEATLSVRNWTVTITADTITATVEL
dTF015_112_0,TVTATAKLPEGEAVIEAKVNSDGSLVLKVMPLEEYEEYFKKNYSTRYYTEVTSDGKTYFVEEIDGAIYVTVNNDDKATLKLQNLTIKVTPGEVTVTLNS
dTF015_112_6,TVTATAALPAGKAVVKVKKNADGTIVLEVMPLEEYEKEFKANYSTRYYTEVTADGKTYFVEEIDGAIYVETDNSDTATLNIKDFTITFTPGTVTVTLNS
dTF015_117_4,TATKTITLPDGWTAIKVKANADGTIVVEQSPLEKYLAERKEKYPVSSIYYIEKDGVFIEYDPETGEVTVFTKKGQTFTVTIGNLTITISPGTATVTLTR
dTF015_129_0,TVTKTVELPEGETVLIVRVKPDGSLVVEQMPLEDYIKYIKENYDLSTQHYIEHNNVFIELDEETGSIIVFTKNGTEATINIRNFTIKITPGKATATYTL
dTF015_130_3,TVTATATIASDDDVFIIEKNADGSLTVTVVTWEEAKAYLESLGVEVGGYYIEKNGVYVEIDKEEGIILVEAAKSTTETINLFDFTITITPGTVTATLTL
dTF015_139_4,TVTKTAKKLPGWNASIIKVNEDGTLTLEVMPEEEFLEKLKKETPLSSIHYIEKDGVYIYLDEESGEIYVFHHESTEATINIKGITITITKDTVTVTVAN
dTF015_166_5,ANTATVALRPEPHWVRVTASPDGTLTLETLPVAEMEALLKAETARGGAHYVEVPETGALVYEDDGNLIIYIDASRDTTLTVNGLTVTVDVAAGTATASR
dTF015_166_6,TNTATVALTDEPHWIRVVASPDGTITLETLSTEEMEALLKERTATGGAHYVEIPETGAIVYNVDGNLEIYIDASVDTTLSVNGLTVTVDVASGTATATR
dTF015_210_6,TETATAKKLPGRTAVVIKVNDDGSVELKVMPEEEKIKELYAKYEKSSIRYIEYNNVYIIYDEEEGEIIIFFDADTEASLTLKGLEIKITKDEVTVTKTL
dTF015_254_0,TATKTVAKPAGKAVLKIKVNEDGTIEVELMSEEDYLKYVEKNYELNSGGVIYANGAYVEILEDEGTWAISFDASTELTINLKDITVTITSTSVTVTKEL
dTF015_295_6,TSTKTATLGSGWNAVVIKVNADGTITVEVKPEEDVIKELKAETPVESLYYIEANNMYVMIDEEKGEIYVFTKNGTTATLKYKNITIKFTNGTVTVTYTK
dTF015_314_5,TVTATAPVLPGENVVIIRQNADGTLEVEVMPVEEGLEKEKKEWSDSAYIEKEVDGFTVWIYPDEGVVVVRFKHGQSGTITINNLTITVTPDTVTATLTL
dTF015_314_7,TVTATAPLLPGPNAVRIEKQEDGSLKVEVMPVEEALKKDKEELSDSYYIEKEVNGVTVIYYPDLGIVRVFTEHGKSATININNLTITITPTTVTATLNL
dTF015_32_5,TVTATLKGVKDGDVIVISKNSDGSLTLKAIPKEEANKYFKEENKKSPLYHIEKDGAIIIIDEENNTIYIEFKPGVNLTINLNDITITIDSKTGTVTATL
dTF015_32_6,SVVAEKKGVKEGDVVKIKINEDGKLEVELIPGKEADAYLKEENKTHPLYYIEYNGVRIVIDEENNEYLIEYEPGVDETINLKDIKITIDSKSGTVKAEK
dTF015_338_0,SSTATADLPAGTALVKITKNADGTLTIEVLDEEEGLKYMKELGVEKGANYITVNGVDVYIDEEEGTVYFMVSNDKTATIKIKNLTIVVTPGKITATLTS
dTF015_348_6,TATATKAVSDGETTVVVSKNEDGSVEVEVMSTEDYLKKLKEEGSELYYTEKTVNGATVYISKEEGKWVFTFDSSTDATVNVEGITVTLNSATKTVTVSL
dTF015_356_0,TQTATKDRLPGRNAVVIKLNEDGKLEVEVMPEEEMLKKLAEKYSPNDLYYIESNGAYIYFDEETGEIIAFFENSKSVSISIKNFKLEATPTKVTVTYIS
dTF015_399_3,MSTATAKKKEGKNAVVIKKNEDGTVELKVMEEEEFLKEVEKKFPVSDLHYIEAKGVYVYIDEETGELIVFFESSLETTIHIKDIEIEIKKGEVTATYLE
dTF015_410_1,TETATVSLGDETEIVKVSVNSDGTLNVTVMSIEEFRKELKEKYTSSKVPYFLANGHYVSIDEANGEIYFETSKDTTATINIRDFTITISKGTVTATKTF
dTF015_41_3,TVTATAPKLAGESAATITRNPDGSLTLEIKPADEYWAELQKKYSTTYVIYDEETGWYYSYDPEAGELIVEFSADDESTLEIRDFTVTITPDTVTAELKV
dTF015_41_4,TETKTAKKLDGKQAVTITVNSDGTLTLEVKPLDEYLAEQQKKYSTLYTMYDEKTGHYYSYDPESGTLVIETDADDETTLNIKDFTLTFTKDTITATKKV
dTF015_475_0,TATATAATLPGDNVVVVSLNADGTISLEVMPVAAYREEEAAKYDPSSRRYIYDAATGATIELIDGKIVVEFAAGVSATLTVNGFTITQTPTTVTVTATL
dTF015_497_2,TVTKTLSMSSGATVITISLKEDGTLEVKQTPLSEFNAELKKNAESNYYIEVTSNGYTVYVYYEDGKIYVTVSSSQTLTLKIKDYTITQTPTTITVTKTL
dTF015_51_1,MTEVEVEFPPEPTWAVITANEDGSIEVRLMPEEEYLAEVDAKYLPESRHYIELNSAGAYAENLDGKLYIIVPGSAETSITVKNLTVEVKPGKLKVKKTL
dTF015_53_3,MVTKTLELPEEEKWILIIADESGKLEIYIGSEEEITKKIYEILGTKDNYYTEKKGVFIYYDEEKGIWLFELHSSLIEKVEVKNYIIEVTPTEVKATLIS
dTF015_53_5,MVTKTLELPPEEKWILAKATKSGKLEISIGSLEEITKKIYEIMGTKDNYYIEKDGAFIYYDEEKGTWLFELHSSLKKTIKFKNIKITVTDTKVTLELIT
dTF015_55_2,MKTATAKKLPGENAIVISISSDGSLTLKVMPEEEYLKELDEKYDPSSRRYIEKNGAFVELDEETGEIVIFVKPELEVTITIRNIKVEITKDTVTVTLLE
dTF015_76_3,TSTATAATKAGENVVRVKVKEDGTVELKVMTEDEWLEEWKKKYKESLAPYFEKNGMYVVIDEDTGEYDFFFSASQTNTVNINNLTITVTPGSVTVTYKN
dTF015_79_2,TKTITLPTLPGENLITIRINEDGTVTVEVMPVEEGLAKFLAEYKPENTYYVEANGVLIYKEPGATIYTLEAKAGETRTVEVSDVKIVVEPGRVTVEVKL
dTF015_85_3,TKTKTAEIKYENSALVISVDANGDLVVEVMPEKEYLEELNKKYDKSSRRYIYVNGVYVEYLEDDGKIILFFKKGLTATVNFQNFTVTIKPGTVTVTLKT
dTF016_120_7,VEEIELETSLDGNVILVKITKDGKVEVKQLSEEEVVKLLKEETGEEELYVTRKDGVDIFEDPEKGITYYIIDSKQSITLSVGNVTIINEPGKAKVIVTK
dTF016_126_5,DVVATKKRPPGPFMVKITRNADGSVVVEVLTREEGEKLLEELQKKNRVVRILSKGVLMDYDFDTGSLYMFFEPSEVKTIELGGLTVKVSKDEVTVTRHE
dTF016_130_1,TTTATIDKPSEDLYILYTATSSGTVTLEYGTEEEHIKKIKERTGGKEIYMVNRSGLLVYEDEESGEIYAIIPNSDTSTYSIDNITITNTPEKATLTLNT
dTF016_132_4,MRVIRLPLPPGRAVVRLRRNASGELEVEVLSEEEAIALMKERLKGEELYVYNVEGALVIEDLESGELYVFLEEVGEEVRLSSGVVIRLEPGEIVVEEEV
dTF016_133_4,VVTKTAEIKEEESVVVVTIKGPEDVEVKVLPVEEFEKMMKEKFPNEPLLYNSESGLYQLEVDGVTYLFAEVKKEETKEFEVSGVKITVTKGKVTVTLTS
dTF016_163_7,TVVATADIKNDDEWVKVTVNPDGSLTVEVLSSKEGEELLKKLEEKYPVVRTEVDGVLMDLVEGENTILIPVSKSQVATVTLGNLTLTFSEGTVTATLTT
dTF016_186_7,TQTVTKELGDEESWAKITINADGTITLEVLPVEEAEELLKELKEKAPVERLNINGVIVDYLEENGTYTYIARVEDLKGWKASNLTVNVEDGKLTVTLST
dTF016_195_7,TDTRVLKRGPGPQAVKITVADDGTVTVEVLPEEEALEELRKRYAGQELYVTYDETLKAYVIEEDNTLIVFFEAEQVGTLTRGNLTLTLTPDEFTVTLTR
dTF016_218_1,MDTKTAKRLPGPNTVIISVNADGTLTVEVLSEEEFIEEYKKKHPEEEMYVTRAASGEVYVIEEDGTIYLFFPPGVVTTLTLGNVTVKFSETEVTVTVNN
dTF016_23_0,TVTRTRALGPGRSLVRVTLNDDGTVTVEVLPVEEGDELLKKENKSGYVSVTEVGGRRVIHNEDSREIYLEVEAGESATVTLGGVTITVTPTTVTVTVDV
dTF016_254_0,MQTAVVKRPPGKNIIRIKLLDDGTPEVRVMPFEEGQKELEERIAKENWIRVNMKGRIVLENLETGELWIEVDRDEELTIELDGLKIEVTPDTVTVTVLQ
dTF016_254_7,VQTKVVERPPGKFVLKVQMNADGSVEVEVLPLEEGEKELEKLIKEKGMVRLNINGEIVDYDEETGTLYIEFEASEEKEITLDGLKIKVTPEKVTVTALL
dTF016_262_0,KEVTELELEEDETVLKVTVNPDGTLKVEALTEEEYLKLMEEENKKRPTYVYEINGLRVWEDPETGTTYIEFDKNKEYTLDLYGYKLTIKPGKVIVEKEL
dTF016_293_3,VDVRELPRREGPNAVKVKVNDSGEVIAEVLPEEELAEELRKRYPNEELYVYNVGGHKVHEDFETGETYLYFEPGEEVKITLGDLTIEVTPEKVRVTLTK
dTF016_306_0,TQTITLPLPPGKSWVKVKVNESGEVTVEVLPLEEGEKELKEERETKDIVRILQNGTIVDYDEDSGVVYIEVEAGESKTLDLNNVHLEVTPDTLTATLKK
dTF016_355_6,TVEITLELPPGKSWVRVKINKDGSVTVEVLPVEEAEELLKKLQEEEPVLRLNHNGVIVDYNEKSGEYFFEVEAGEKLTIELDGVTIIVEPGKVTAIKEL
dTF016_355_7,VVRQELELPPGRSWVRVRRKPSGEVEVEVLSEEEAEELLKELQEKEPLERLNIDGVLVDYNEESGEYFFSVEAGEELTFTLDGVTLEVRPGRLVATTEL
dTF016_407_1,MKVEVYEAKEEDEVVIVTVNKSGKVEVKFLSKEEAEEYLEKLVKEEGMVVVNSNGHLMLENLDSGTTVVELDLSEDQELEINGHTIKVDAKSKKVTVTT
dTF016_407_3,STVQVYDIKEEEEVVIVTVNADGTVTVEFLSEKEAEERLEKLVKEEGMVVVNSNGHLVLENLDSGTTVLKLDASKNTEVTINGHTIKVDAETKTVTVTT
dTF016_410_0,TITKTLPLPPGRALVTIKINPDGTVEVEVRPVAEHEEELKELVEKEGLVRLLHQGHVIDYNEESGLYLLEVEAGERLTLTLGNLTVEVEPGKLTVTLDL
dTF016_418_0,TATATAKLPKEESVVKVSKNASGKVTVEVLPVEEAEKELKEKYPNEERYVIEWSGVLIEEDVDSGELYFTAKYGEEAVATSTNLTITVKPGEVTVTLTE
dTF016_426_4,TVVKEAELPPGRSVLRLKVNASGELVLTVEPAEVALKRLDEEKKGEDRLVTEVDGVRIEIDEESGELYVFVDASESKVATLPGLKIEVLPGKVVATVDL
dTF016_426_7,TVVKRAALPPGESVIRVKVNASGELVVEVKPAEVANKELDERLAGEDRLVTEVGGVTIEIDEDSGELYVRVKADEAATATLPGIKIEVKPGEVTVTVDL
dTF016_442_4,KKLLLEEEVKEKTAVKIKKNKDGKWEVEVMEEEEALKELKEKHKGEEIYMTEKDGLYVYEDLETGEIYIFASKDTEATVKIDDLEIEFTKEKLKVYEIK
dTF016_442_5,KELLLEEEAKEKTTVKLKKLESGEWIVEVMEEEEAIEELKKKYPGEEIYVTEKDGLYVYEDLETGETYIFFEKSTEATVTIGDVEVVFTKEKVKVYKIT
dTF016_464_4,MKVVEKEIPEETAWVKITLKADGTVEVELLTEEEAEKRFKELKAKQPVYRYNIQGVVVVYEEEDGTTTLYLPVSEEATITVNDYTITVGKPGEKLTVVK
dTF016_481_2,TKVFEFELGPEKQVIELTIYDDGSVEVRLLSPEELEERMKKLNEEEPLYVSRIDGLDVYELPGATHYYAEVSPGEERTFKVDNVTIEVKPGKVTVTVNE
dTF016_485_2,VERTEVATLKPGEAALVEVSASGEVRVWVGSLEEIEKRLAERAKELGMTRVLHQGVLVEYNEDTGTMLAVFREGESVTLTYHDVTITVEPGKLFVEKEL
dTF016_492_2,VDVATAALLPGRSMVKVRVLPSGKVVLEVLPVEEAVKELKEKYKDEEIYRYKTQGVLIIEDEETGTFYIEVDASERRTIRLDGLEIRVEPGRVTAVAYL
dTF016_72_6,MKVFEFEASEERQVVKITYKESGEIVVEVMPEEEALEELRKLNPGEELYRLLMDGVLVYYDEKTNSLYLFVEEGEKVELKSSGITVEAKEGKIIVTLKL
dTF016_97_3,VIEKRLKLSEEDLYILVIIEPDGNVTIEELTEEEVSEKLRKIFKGKEIYVYRVDGFELYEDPEKGIIVVVIPKSLVKTLEIGNTTITVTPTEARVVVKK
dTF016_97_4,TIVKELELPDEDLYVMVIIQPDGTVTIEVLTEEEVAEKLRKIFEGEEIYRFRVDGFEVYEDPEKGITVVIAPKSLVKTLNIGNTTITLSEKKATAVVNV
